feedback_text,source,user_type,product_area,date,rating,external_id
"I bought a car from XXXX in Florida a XXXX XXXX XXXX in XXXX and the financing was taken over by American Credit Acceptance ( ACA ). However, I believe that ACA has violated my rights under various laws such as 15 U.S.C 1681 Section 602, Texas Finance Code, Section 348.104, Consumer Protection Act, Equal Credit Opportunity Act, FAIR Act, and the CFPB. They have charged me a high-interest rate of 26.80 %, which is 2 % above the maximum allowed interest rate of 24 % under the Texas Finance Code, Section 348.104. This has caused significant financial harm to me and my family. I feel that I have been discriminated against because of my gender and race, as I have been treated unfairly and assumed to be ignorant of my consumer rights. 
I have reached out to multiple people at ACA about my high-interest rate and unfair treatment, but they have not responded or provided any assistance. I have made arrangements to pay my debt despite my hardship from frequent unemployment while practically begging for a lower interest rate or monthly payments, I have requested payment extensions and lower payments and deferments during the few times I contracted XXXX as I am a XXXX XXXX  which made me a XXXX XXXX  and all I get is "" We appreciate your service but we can not offer an extension or lower payments '' and I have requested an updated contract reflecting the amended arbitration laws under the FAIR Act H.R. 2953 on numerous occasions both written and verbally but they continue to threaten me, Instead! I have been threatened with repossession repeatedly via phone in frequencies of what seems like every single day. When I call in to check on the status of my complaint I am harrassed and threatened with repossession and garnishment while assuring that I would be contacted regarding my complaint and concerns, but they have failed to do so. I have received no response or assistance from ACA and it has been over 30 days, it has been over 30 months but I have only now decided to take matters up with those that are concerned with fairness and Justice. 

My XXXX XXXX XXXX has been totaled due to a recent accident, which ACA is aware of. However, I am not being approved for any loans to repair the vehicle, nor am I being approved by dealerships to acquire another vehicle. I have even been denied by a car rental agency due to the derogatory marks on my credit report partly due to the erroneous violating transaction via ACA and myself, which is not allowed to be furnished on my credit report. As a result, I have been unable to maintain employment, which continues to lead to a dark road of financial ruin. 

Despite all this, American Credit Acceptance has informed me that they could not help me in any way due to an apparent delinquent account, commencing to inform me that my next payment is due on the 10th despite my documented disputes. I have also asked ACA to verify the authorization from me supposedly granting them consent to furnish my nonpublic private information to non-affiliates, but they have not responded. I believe that ACA 's actions have ruined my credit and caused significant financial distress and harm to my family. I am seeking resolution and fair treatment under the aforementioned laws.",Web,Servicemember,Vehicle loan or lease — Struggling to pay your loan,2024-01-02T13:47:22.000Z,,8089210
"XXXX XXXX XXXX XXXX, am writing to address significant concerns related to potential violations of the Fair Credit Reporting Act ( FCRA ) by consumer reporting agencies, namely Experian, XXXX, and XXXX, as well as the financial institution, XXXX XXXX XXXX. 

Citing 15 USC 1681 section 602a, it is emphasized that consumer reporting agencies bear the responsibility of exercising their duties with fairness, impartiality, and a profound respect for the consumer 's right to privacy. Simultaneously, 15 USC 6801 establishes Congress 's policy, stipulating that financial institutions, including XXXX XXXX XXXX, are obligated to affirmatively and continually respect the privacy of consumers and safeguard the security and confidentiality of nonpublic personal information. 
Referring to 15 USC 1681 section 604a section 2, it is underscored that consumer reporting agencies may only furnish a consumer report in accordance with the written instructions of the consumer. As of this communication, neither XXXX XXXX XXXX nor the consumer reporting agencies, Experian, XXXX, and XXXX, possess my explicit written consent to furnish my information. 

In light of the above, I am formally revoking any and all authorizations, whether verbal, nonverbal, written, implied, or otherwise, that may have been granted to Experian, XXXX, XXXX, and XXXX XXXX XXXX, as per 15 USC 6802 ( b ) ( c ). Notably, XXXX XXXX XXXX failed to inform me of my right to exercise the nondisclosure option, as mandated by the same statute. 

Moreover, 15 USC 1681 ( c ) ( a ) ( 5 ) prohibits consumer reporting agencies from including adverse information in a consumer report without proper authorization. The reported account constitutes an adverse item reported without my explicit permission, in violation of 15 USC 1681s-2 ( A ) ( 1 ) ( a ). 
Under 15 USC 1681E, consumer reporting agencies are required to maintain reasonable procedures to avoid violations. It has come to my attention that Experian may not be adhering to these prescribed standards.

In accordance with 12 CFR 1016.7, I am formally exercising my right to opt out of adverse reporting services. I kindly request your immediate attention and resolution of these matters. Your prompt response to this serious concern is highly anticipated and appreciated.",Web,None,Credit reporting or other personal consumer reports — Improper use of your report,2024-01-02T05:17:02.000Z,,8087231
"I have No Knowledge of these hard inquiry 's The Higher Inquiries a result of identity theft, And That it Must Be Removed no later than 4 business days as per 15 USC 1681, c. Two",Web,None,Credit reporting or other personal consumer reports — Improper use of your report,2024-01-02T20:53:09.000Z,,8094462
"On the XXXX of XX/XX/XXXX while traveling for XXXX I stooped and got fuel @ XXXX and went to check into XXXX  at XXXX and card was declined. After calling the bank on the XXXX I was not able to get USAA to tell me anything about why my card was being declined. XX/XX/XXXX I received notification that USAA was exercising its right to discontinue business. Could not tell me more about or why. XXXX miles from home with every XXXX  to my name was in the bank me and wife and XXXX kids had to sleep in vehicle because USAA wouldn't allow access to any funds. XX/XX/XXXX, XXXX spent hours on the phone with usaa trying to a reason or explanation of what cause and why this happened. No answer. On XXXX XXXX I contacted usaa again, spent hours on the phone being transferred in circles trying to get answers I was told account was going to be placed in credit only status and I was told I would not have access to my funds for XXXX from XXXX XXXX. XXXX XX/XX/XXXX and I am being told I can not access my funds and I can not close my account that all my money would be returned in XXXX. XXXX  years as a customer with USAA. I have all my insurance and everything with them and now they have taken away all my account access and account history.",Web,Servicemember,Checking or savings account — Closing an account,2024-01-02T16:32:39.000Z,,8090863
"I consolidated my federal student loans in XXXX of 2023 to utilize the IDR adjustment per the Department of Education. My loan is serviced by XXXX due to PSLF ( Public Student Loan Forgiveness ). I am a social worker. I have 73 counts toward PSLF preconsolidation. I have been making payments on my account. XXXX has my account 's {$0.00} balance. I have been transferred to Edfinacial although I am in the PSLF program ( certified ). I do not know my current PSLF count as the IDR post-consolidation has not been applied. However, now my loans have been transferred to Edfinaicial when they are supposed to be with XXXX. I am extremely frustrated it is XXXX XXXX. I have a mother on XXXX I have done everything right and my account is continuously messed up. It is very upsetting, and draining and I can not keep spending hours tracking mistakes made by loan servicers. I would like my accurate information from XXXX and my loan information updated and away from Edfinaicial as they do not service PSLF. I understand this is an overwhelming process for XXXX but I am not able to keep up with the mistakes. Edfincial should not have any of my loans. I believe XXXX also placed me incorrectly with Financial. I should not have my loan with Edfinacial",Web,None,Student loan — Dealing with your lender or servicer,2024-01-02T07:16:16.000Z,,8095545
"I'm dealing with EdFinancial Services for my student loans and they have been a XXXX. I just graduate at the end of XXXX and they have my loan payments set up to start on XX/XX/24. They have bypassed the XXXX months grace period. In addition, I confirmed with the studenloans.gov that my loan repayment starts in XXXX, not XXXX. I call their customer service and said they would look into it, and they will make the change, this was two ago an nothing has been done. When I ask to speak to a supervisor, they are never available.",Web,None,Student loan — Dealing with your lender or servicer,2024-01-02T17:18:55.000Z,,8090327
"About a week ago, I was eligible to refinance my loan, I had additional questions for the manager of the lending company underwriting staff contacted me and told me that she would have the manager to call me when he gets in. The manager never contacted me to date. 

When a representative contacts me from BMG Money, it is never the manager. It is always someone from the underwriting department. 
Also, the company failed to communicate clearly new policy changes as it relates to the net pay amount in order to be eligible for refinance. 
Each time that I am eligible for a refinance, it appears to be a change in policy. This has happened twice, always during refinance, or coupled with their multiple attempts to deter me from speaking to the manager of the company. When I do receive a phone call, it is at closing and never the manager. 

The last four months it has been very difficult making contact with the company and manager regarding serious concerns or matters pertaining to my loan. 

My most serious concern is that I never know that there is a change in policy until it is time for me to refinance. That is a red flag.",Web,None,"Payday loan, title loan, personal loan, or advance loan — Getting the loan",2024-01-02T15:33:04.000Z,,8090559
"I've applied three times now to change to the new XXXX repayment plan. Two applications were submitted in XXXX and another was submitted today, XX/XX/XXXX. On XX/XX/XXXX, after the first application, Edfinancial requested more income information and sent another letter stating I would need to call them to confirm that I want to exit the plan and make a required monthly payment. When I was able to call and get through to them ( tried on XX/XX/XXXX, but they were closed ; put myself on the call back list on XX/XX/XXXX ; they called back on XX/XX/XXXX ), they said the application was already closed and that I would need to make a {$5.00} exit fee and submit another application. They said it would be processed after I finished this. I made the {$5.00} payment over the phone and submitted another application through studentaid.gov on XX/XX/XXXX. The new application says it has been reviewed by the servicer on studentaid.gov, but it doesn't give the date. On XX/XX/XXXX, I received the same messages on the Edfinanical website requesting more income information ( XXXX tax form ) and the call to confirm that I wanted to switch plans. I submitted the tax form and made the call to confirm on the same day, XX/XX/XXXX. During this call, I confirmed with them that the {$5.00} fee counted toward the exit fee for this application. I waited for the application to be processed. I'm unsure of the date, but between XX/XX/XXXX and my next call back on XX/XX/XXXX, I emailed Edfinancial for a status update and never received a confirmation that the email was received or an email back. There was no option to receive a copy of my email so I have no record of it. When I called back on XX/XX/XXXX, I put myself on the call back list and never received a call back. I called again on XX/XX/XXXX and did the same. I received a call back on that the same day and was told it was still processing. I called again on XX/XX/XXXX and was told processing takes XXXX business days so I planned to wait until the second week of XXXX to check back again. After all of this and 3 months of waiting, I received another message on XX/XX/XXXX that they received income information, but no application. I called on XXXX XXXX and was told that because the 90 day window had passed and my application had expired. They essentially told me that each time Edfinancial takes more than 90 days to finish processing my application, it expires and I have to reapply and return to the back of the line of applications. I would like to add that I have been making payments and have not been put in forbearance despite the long processing times and lack of communication. I also have not been informed that my first application was closed or that the second application has expired. I have to call and wait or be put on the call back list to possibly get a call back and hopefully get someone willing to give me any information on what is happening with my applications and loans. After my call, I reapplied for the third time on studentaid.gov. I am now submitting a complaint here and on studentaid.gov due to the lack of communication, unhelpful service, and absurd policies of Edfinancial. Thank you for your assistance.",Web,None,Student loan — Dealing with your lender or servicer,2024-01-03T01:29:30.000Z,,8102503
"Im trying to buy a house and notice I had damages on my credit report. Stopping me from giving my family there dream. According to the 15 usc 1681 law, there shouldnt be any damages on your report is a defamation to my character.",Web,None,Credit reporting or other personal consumer reports — Incorrect information on your report,2024-01-03T01:32:31.000Z,,8092653
"Name : XXXX XXXX XXXX : XX/XX/XXXX XXXX XXXX XXXX XXXX, IL XXXX D.O.B XX/XX/XXXX XXXX XXXX XXXX XXXX XXXX XXXX, Tx XXXX This letter is to provide you with knowledge of intent to sue. 
The lawsuit will filed due to the utter lack of response from your company. When someone is the victim of identity theft, it is simply a nightmare trying to get false information removed from a credit file. I have contacted all of the false creditors listed on my credit file. I have challenged all of the false listings on my credit file. Nothing ever happens to fix the situation. 
Over 90 days ago I wrote each the creditors in question and demanded proof that I am their customer. I asked for proof of the alleged debt, including specifically the alleged contract or other instrument bearing my signature. So far none of them has been able to provide such proof to me. I have sent follow-up letters to each of them and there is still no proof. I have attempted phone contact, but I simply get transferred around and nothing ever gets accomplished. 

I have fully investigated my rights in this matter. Under the doctrine of estoppel by silence, Engelhardt v Gravens ( Mo ) 281 SW 715, 719, I may presume that no proof of the alleged debt, nor therefore any such debt, in fact exists. I have copies of the certified letters and dates prepared to bring to court. Also, under the Fair Credit Reporting Act, these disputed items may not appear on my credit report if they can not be supported by any evidence. 
Under the Fair Credit Reporting Act, if they can not verify the debt within 30 days, then it must be removed. Your letters to me claim to have "" verified '' the debt, but this is in fact not true under law. Simply contacting the alleged creditor and asking them to match up numbers in their database is no sufficient verification for identity theft. Of course the information matches up. Someone clearly used my information without my authorization. 
Now I am suing XXXX for being such a pain in the posterior to me. I have provided more than sufficient evidence to get these false accounts removed. 
You may contact me before ( XXXX ) via letter at my address listed at the top of this letter. This matter can be settled simply by your agreement to remove the false information from my credit file. 
I require a response, on point, in writing, hand signed, and in a timely manner. If I get another pointless letter from you saying that it has already been "" verified '' then there will be no more opportunity for negotiation. This will proceed in court until I have successfully proven to a judge that this false information must be removed from my credit file. I will also be aggressively pursuing the full judgment that I can get against XXXX for violation of the Fair Credit Reporting Act and Defamation. 

The items to be removed from my credit report are list XXXX an attach page. 
I look forward to your response. 
Attachment included Accounts that I didnt authorize and had no knowledge of or reporting accurately, police report and FTC report is on file, Please DELETE THEM Account XXXX XXXX XXXX XXXX XXXX XXXX XXXX XXXX XXXX XXXX XXXX XXXX XXXX XXXX XXXX XXXX XXXX XXXX XXXX XXXX XXXX XXXX XXXX XXXX XXXX XXXX XXXX XXXX XXXX XXXX XXXX XXXX XXXX XXXX XXXX XXXX XXXX XXXX XXXX XXXX XXXX XXXX XXXX XXXX XXXX XXXX XXXX XXXX XXXX XXXX XXXX XXXX XXXX",Web,None,Credit reporting or other personal consumer reports — Incorrect information on your report,2024-01-02T16:30:55.000Z,,8090239
Some one call for emergency ... ..and now they charge me ......,Web,None,Debt collection — Electronic communications,2024-01-02T19:58:20.000Z,,8094694
"On XX/XX/XXXX XXXX XXXX XXXX XXXX transferred all personal loans to System Service Technologies ( "" SST '' ). More information on the transfer can be found under "" FAQs '' on the XXXX website : XXXX XXXX XXXX # transfer XXXX advised customers that it would no longer accept payments after XX/XX/XXXX. My payment being due on XX/XX/XXXX, I promptly and before the transfer to SST occurred made my personal loan monthly installment payment to XXXX on XX/XX/XXXX. XXXX, and SST confirmed via telephone representative on XX/XX/XXXX, received my payment from XX/XX/XXXX. They decided, however, to not credit that payment as a monthly payment and instead considered it an "" extra '' payment and transferred my loan to SST who says I continue to owe a XXXX payment. In other words, I paid my monthly bill to XXXX prior to the transfer and thus should owe SST  for payments from XXXX onwards, but SST refuses to credit my XXXX payment. 

This payment is {$410.00} per month and was properly paid and thus should not be double owed by the consumer simply because of the loan transfer. The SST representative informed me that it was XXXX 's "" accounting error '' that prevents my XXXX payment from being credited with SST, but that "" accounting error '' should not be the consumer 's problem where the consumer has timely made payments. Many other individuals, including myself ( here, {$810.00} ), are not in a position to make double the monthly payment. 

I ask that the CFPB look into this XXXX-SST loan transfer to ensure that consumers ' payments are properly credited. 

Moreover, am unable to check that my payment was processed correctly because neither XXXX nor SST will provide statements for the loan in question. I am left without any recourse for obtaining the transaction history, as XXXX always had those statements in the online portal that is now empty and inaccessible.",Web,None,"Payday loan, title loan, personal loan, or advance loan — Problem when making payments",2024-01-02T20:14:56.000Z,,8094603
"In XXXX, I signed up for Auto Pay with EdFinancial, my XXXX loan servicer. They advertised the auto pay option as a way to get a 0.25 % interest rate reduction. I enrolled and received a confirmation email that the auto pay would start on XX/XX/XXXX. However, not only did I not get an interest rate reduction, no payment was made on XX/XX/XXXX, leading my loan to become past due. I just paid it off, but am unsure if I have been charged any late fees, despite the fact that it was my loan servicer 's technical error that caused the issue. I have set up a new auto pay for XX/XX/XXXX, but am unsure if it will work this time. I have contacted them about the issue but due to high call and email volume they have not yet responded.",Web,None,Student loan — Dealing with your lender or servicer,2024-01-02T21:53:33.000Z,,8093841
XXXX XXXX XXXX  card I had gotten behind and it became a chargeoff  account and I paid the settlement in amout of {$420.00} total need to.remove.this account LTD Financial Services is not in business no more. This account belongs XXXX XXXX and they need to remove the entire account from my credit report.,Web,None,Debt collection — Attempts to collect debt not owed,2024-01-02T18:30:42.000Z,,8095295
The agent for the company said they don't have a 2nd mortgage or lien on my property.,Web,Older American,Mortgage — Problem with a company's investigation into an existing problem,2024-01-03T14:00:51.000Z,,8101202
"At the time I had two collectors, collecting for the same balance of my federal student loan. When I contacted at Edfinancial, I was explaining that they do not have my loan. They are not able to pull up my information because I am not in their system. I asked them why are you reporting on my credit file I am in the process of purchasing a home and sending my children off to college and I am able to do so because your company is also reporting that I owe the same balance as another company. If I dont owe it, please remove and send information to the credit bills that I am not responsible. This was over 90 days ago. XXXX still fighting the same issue with Edfinancial. They have not removed themselves from my credit file.",Web,None,Credit reporting or other personal consumer reports — Incorrect information on your report,2024-01-03T01:36:09.000Z,,8089340
"I received a letter from EDFINANCIAL on XX/XX/XXXX stating that End of Grace has occurred and payments are due XX/XX/XXXX. I am enrolled in an eligible institution and want my loans deferred. On XX/XX/XXXX, I submitted documentation to EDFINANCIAL through their loan portal but never received confirmation via email or in the correspondence history on their documentation portal. It only shows the information they have sent me. Again on XX/XX/XXXX, I submitted documentation verifying enrollment. The documents are not shown in the portal on the loan servicer website. In contacting the customer service, she checked my account and notated that I am not to pay and they have received my documents from XX/XX/XXXX and it will take XXXX business days not including holidays to process this request. I attempted to request documentation mailed to my physical address or email and was refused documentation. I can not get a transcription of the conversation following the end of the chat either. XXXX notated in my account but stated that the notes were for internal use only. I completed an authorization to release your student loan account information and named myself and my address. When I requested my loan information again from XXXX she stated she could not email me anything. Attached below are screenshots of the conversation occurring XX/XX/XXXX. XXXX could not provide me with documentation of what she has seen on my account, my account has not been updated to show that they have received any of my enrollment verifications. On multiple occasions XXXX attempted to end the conversation stating I was not "" here '' while I was waiting for a reply.",Web,Servicemember,Student loan — Dealing with your lender or servicer,2024-01-03T16:09:09.000Z,,8099823
"Credit Collection Services has been trying to collect on a debt that has been previously disputed as ID Fraud. I am formally submitting a complaint against Credit Collection Services and XXXX XXXX XXXX for trying to collect on a debt that has been opened without my authorization and or permission. I have attached my signed and notarized FTC Affidavit, police report which is needed to halt all further collections and have these items deleted from my credit reports and other reporting agencies that thy use",Web,None,Credit reporting or other personal consumer reports — Incorrect information on your report,2024-01-03T03:21:03.000Z,,8092427
"On XX/XX/2018, I purchased a vehicle from XXXX XXXX XXXX XXXX in XXXXXXXX Florida. What I was unaware of were my rights as a consumer, that protect the surety and consumers from illegal strategies creditors and dealers use to sale vehicles to consumers. I spoke with both the creditor AMERICAN CREDIT ACCEPTANCE and the dealer XXXX XXXX XXXX XXXX in regard to my complaint and rights and both companies turned a def ear. The creditor even threatened to reposes my vehicle if I refused to pay. 

So Id like to elaborate on why Im at odds with the transaction made with both the dealer and creditor. I explained to the dealer, I understand that AMERICAN CREDIT ACCEPTANCE is the parent company, a devision of a third party management team XXXX XXXX XXXX, that specializes in XXXX XXXX, business knowledge, operating and compliance expertise and market intelligence. This includes creative approach to structuring deals, support SUPERIOR UNDERWRITING and EXECUTION! These strategies are used for the solutions for investors, dealers to CAPITALIZE in investment opportunities within a party transaction. These underwriters understand the risks and create pricing structures to protect and compensate against the risk challenges. Regardless, on how adept companies are in capitalizing on returns your still are in the legal boundaries of Consumer Law, TILA, Equity Law and etc. 

I added, I noticed the original price for the collateral was {$11000.00}, including a XXXX warranty deal for {$3200.00} as a package deal. This launched the priced of a used XXXX mile, XXXX XXXX XXXX in 2018 at {$14000.00}. The warranty was presented as an act of good faith, that there were no other options due to my PROFILE status. In addition, AMERICAN CREDIT ACCEPTANCE hit me with a whopping 26 % APR that put me at a total cost of {$29000.00}. I didnt understand all of this until years later. The MSRP for an XXXX XXXXXXXX XXXX in 2018 range anywhere between 6-7k USD so the vehicle has already been marked up close to 5K USD totaling {$11000.00}. 

The finance representative instructed me that there are no inexplicable information on the contract youre unaware of, which is why you ( me ) signed to comply to the contract, which is false. I responded, indeed I did sign but the problem is that you-the dealer- are obligated under the TILA act, section 5 of the Federal Trade Commission Act ( FTC Act ) ( 15 USC 45 ) Prohibits unfair or deceptive act or affecting commerce. The prohibition applies to all persons engaged in commerce, including banks. Your in violation by practice of predatory acts pushing high fees and interests rates, stripping me the Surety ( me ), the Borrower of equity or place credit worthy in a lower credit rated and more expensive loan, which all benefits the lender and creditor. How do I purchase a vehicle for {$29000.00} thats worth no more then $ XXXX USD MSRP and its not considered predatory lending? The dealer makes {$14000.00}, the lender makes {$15000.00}, including the collateral being recycled to make more money off the security if the debtor defaults on payments, in addition an extra added 5 % interest for late fees. 


So what do I get out of the deal? Ill tell you what I get out of the dealat the time I purchased the vehicle, I was making $ XXXX less the the contract is worth so that puts my at risk of default and my credit worthiness at a negative. All these thing shouldve been brought to my attention as a novice consumer vs the big renowned dealership per TILA. They also didnt tell me under 15 U.S code 1601, 15 U.S code 1602, 15 U.S code 1605, 15 U.S code 1615, 15 U.S code 1611, 15 U.S code 1640 that down payments were illegal under TILA. A down payment that clearly shows on the contract priced at {$1000.00}. They didnt tell me that no banks can deny me credit under the Equal Opportunity ACT and TILA ( Truth In Lending Act ). They didnt tell me that consumer report isnt mandatory for financing under FCRA ( Fair Credit Reporting Act ). They failed to mention that insurance is included in the finance charge. 

Understand that the Dealership and Finance Company ultimately took advantage of me, gained information based on their faulted representation and omission of legal disclosure. These are the abandoned details that Im entitled to know within a transaction. To wittingly act in intent to conspire and conceal information to blindly lead a consumer to default or debt to capitalize on securities for an outrageous financial return is truly an act of Predatory Lending",Web,Servicemember,Vehicle loan or lease — Getting a loan or lease,2024-01-03T18:19:54.000Z,,8099294
"I have a payment that was made and withdrawn from my bank account on XX/XX/XXXX in the amount of {$70.00} that was not credited towards my loan as Edfinancial changed their website and did not include it towards my account history. I have already contacted Edfinancial numerous times and have not received a helpful response even after submitting the evidence of the payment, including a confirmation email and evidence of the payment being withdrawn from my bank account on XX/XX/XXXX. The payment was made to 'US Department Of Education ' but Edfinancial does not seem to think that along with the payment confirmation email is enough proof that a payment was made. Edfinancial has further sent me an email on XX/XX/XXXX that my inquiry has been resolved when in fact nothing has been done to resolve the issue.",Web,None,Student loan — Dealing with your lender or servicer,2024-01-03T02:13:26.000Z,,8092541
"XX/XX/23 : A screen shot of a Wakefield & Ass letterhead telling me how to view debt collection followed by a text with a link. 
XX/XX/23 : a phone call I did not answer with a voice mail asking me, by name, to return the call. 
XX/XX/23 : a phone call I answered. I was hung up on. 
XX/XX/23 : Text message from XXXX stating the company name, a phone number to call and a link to use. 
XX/XX/23 : A phone call in which I requested a debt validation letter. The person I spoke with said one was sent, described an envelope, and said another couldnt be sent. They verified my address, said a letter was sent in XXXX, and told me how to access the information online. 
XX/XX/23 : Another phone call in which I said I will not be speaking with anyone until the debt validation letter is resent and received. 
XX/XX/23 : I repeated that I will not be speaking with or handling the debt until a debt validation letter is sent. 
XX/XX/23 : I attempted to contact customer service to complain, I was hung up on or call was dropped. 
XX/XX/23 : Another call. I demanded to speak with a supervisor after being told a debt validation letter was sent in XXXX and another could not be sent. Then I was placed on hold. Then told the supervisor wouldnt take my call/wasnt there however I can be sent a letter. 
I am incredibly skeptical a debt validation letter will be sent.",Web,None,Debt collection — Communication tactics,2024-01-03T21:36:26.000Z,,8098112
"Oliphant group has been reporting false and inaccurate information on credit report, continually add values to debt purchased but these values are arbitrary and from outside 3rd party which is not part of debt owned. They falsely sued in court, was never made aware of court filing or date, and thus imparted a wage garnishment on a debt that has been for several years been out of statue of limitation to collect or enforce any action against said debt. This is either done by veil of ignorance or willful disregard of this knowledge. Prior dispute of this matter has given an acknowledgment from Oliphant themselves confirming a ) debt was charged off XX/XX/XXXX, and was not purchased until XX/XX/XXXX b ) New York State law indicates statute of limitations for collection and action of any debt is 3 years, thus, reaching in XX/XX/XXXX. Over 2 years past the statute of limitations did they act upon said debt, well long past their right to do so, in which they under false pretense sued in XX/XX/XXXX Despite the debt being out eligibility for action being past NYS statute of limitations they also falsely report inaccurate on my credit report. Despite a wage garnishment being enforced upon me, they do not accurate report the monies taken and applied to debt and also arbitrarily add on values ranging from {$1.00} to {$10.00} almost weekly. They have already upon prior contest of this confirmed that the dates of debt is past NYS statute of limitations as well as values of being added are from 3rd party, not the debt owned itself and inaccurate report information as no acknowledgement of monies applied.",Web,None,Debt collection — Took or threatened to take negative or legal action,2024-01-03T16:48:46.000Z,,8099657
"I was contacted via usps by Wakefield and associates in XXXX of 2023, about a debt, I mailed a request to validate the debt as it is completely unknown to me, the validation request included a request to cease and desist if validation could not be provided. Wakefield and associates continues to call me without ever providing proof of debt, as well as report to my credit.",Web,None,Debt or credit management — Charged upfront or unexpected fees,2024-01-03T15:52:05.000Z,,8099961
"Someone opened a an account with XXXX XXXX. ( ( XXXX ) XXXX XXXX XXXX XXXXXXXX XXXXe XXXX XXXX XXXX Texas XXXX ) Due to non-payment, the account was sent to collections with ProCollect Inc. ( ( XXXX XXXX XXXX XXXX XXXX, XXXX XXXX XXXX, Texas XXXX ) I spoke to XXXX XXXX XXXX who was very rude and unprofessional. I explained my situation to her, she even stated that the account was opened under a different name than mine. I asked the steps to fix this issue and a written letter of verification. All she kept repeating was that I needed to send an email to the company with a copy of my police report as well as my state issued ID. At this point I repeated that I would like written verification, and she continued to talk over me, raising her voice, stating I had until XX/XX/2024 to send the email, or the debt would remain on my credit report. After some back and forth XXXX XXXX hung up on me.",Web,Servicemember,Debt collection — Attempts to collect debt not owed,2024-01-03T18:52:05.000Z,,8098718
"I hired a contractor ( XXXX XXXXXXXX XXXX XXXXXXXX ) to do some maintenance on a furnace that they did not complete or provide me the serial number of the product that the contractor stated was installed. Due to their failed three attempts to correct the issue they offered to give me a credit of {$75.00} off the {$600.00} bill. I told them to supply me with the serial number for warranty purposes which they could not. There was no application for credit requested or signature for completed work. The contractor, without a court order, sent me to collections with National Account Systems which is unwarranted since this is a contractor dispute, not a credit issue. I contacted National Account Systems to inform them of the incorrect filing and they would not remove the error from my credit report.",Web,None,Credit reporting or other personal consumer reports — Problem with a company's investigation into an existing problem,2024-01-03T14:48:06.000Z,,8100421
"On or about XX/XX/XXXX, I reached out to EdFinancial to apply for the SAVE plan so I could begin making payments. Despite being told by the Department of Ed that this was my new servicer, they seemed to have no record of me so I was unable to create an account in their system. Figuring this was just a website glitch, I called. Unfortunately, the phone goes silent ( not even sure if I'm on hold or not ) once I am prompted for my SSN, which again they do not seem to have. Since they have seem no record of me, and I can not create an account, I am unable to take advantage of the SAVE plan. This is actually the second complaint about this matter I am submitting to the CFPB, as EdFinancial seems to have ghosted the first one. At the moment, as much as I'd like to have this resolved in a mutually satisfactory matter, I'm submitting a new complaint so as to start a better "" paper '' trail of my many attempts to get the attention of EdFinancial. 

It's wild to me that the federal government continues to pay them for the service of servicing loans when they don't seem to be doing any of that.",Web,None,Student loan — Dealing with your lender or servicer,2024-01-04T02:12:38.000Z,,8101881
"Im filing a complaint of harassment Against William Rush & Associates. They have been attempting to collect a debt that I do not owed since XXXX, which is outside of the statute of limitation from XXXX. The amount of debt of {$7400.00} is not accurate. The company, William Rush & Associates, has not provided me with any proof of ownership or a Bill of Sale regarding this debt. I do not owe this amount and deny their allegation. I've previously filed several complaints ( XXXX, XXXX, XXXX ) against the company on XX/XX/XXXX and filed several disputes where the collections were removed, however every 6 months or so they kept assigning the case to another collection agent which is illegal. All the supporting documents were previously added to the previous complaints. I will seek litigation for monetary damages along with the violations they have already committed. 


According to GA Code 9-3-24 : All actions upon simple contracts in writing shall be brought within six years after the same become due and payable. In other words, creditors and collectors must take you to court for any debt, based on a written contract, within six years of the last action on the account. 



GA Code 9-3-25 states : All actions upon open account, or for the breach of any contract not under the hand of the party sought to be charged, or upon any implied promise or undertaking shall be brought within four years after the right of action accrues.",Web,None,Debt collection — False statements or representation,2024-01-03T18:33:11.000Z,,8099236
"In accordance with the Fair Credit Reporting act XXXX Wakesfield and Associates account XXXX, has violated my rights. 15 U.S.C 1681 section 602 A, States I have the right to privacy. 15 U.S.C 1681 Section 604 A., Section 2 : It also states a consumer reporting agency can not furnish a account without my written instruction. 15 U.S.C 1681 Section 604 A., Section 2 : It also states a consumer reporting agency can not furnish a account without my written instruction. In accordance with the Fair Credit Reporting act XXXX XXXX account XXXX, has violated my rights. 15 U.S.C 1681 section 602 A, States I have the right to privacy. 15 U.S.C 1681 Section 604 A., Section 2 : It also states a consumer reporting agency can not furnish a account without my written instruction.",Web,None,Debt collection — Attempts to collect debt not owed,2024-01-03T17:47:19.000Z,,8099600
"To Whom It May Concern, I am writing to file a formal complaint regarding violations of my legal consumer privacy rights under federal law. Pursuant to 15 U.S.C. 6802 of the Gramm-Leach-Bliley Act, I have expressly opted-out and revoked any authorization provided to your organization - written, verbal, or otherwise - to share or disclose my nonpublic personal information with third parties such as credit reporting agencies. However, you continue to report my transaction history to XXXX, XXXX, and XXXX. By continuing to furnish this information after receiving my valid opt-out notice, you are in clear violation of 15 U.S.C 6801 and 6802, which specifically prohibit the disclosure of nonpublic personal information to unaffiliated third parties without express consumer consent. 
Furthermore, the Fair Credit Reporting Act under 15 U.S.C. 1681 outlines protections against the unlawful sharing of consumer credit data. As I have revoked authorization and exercised my right under federal privacy laws, your organization has no lawful basis to disclose my information. 
Additionally, income details and records of certificate of indebtedness must not be included in credit reports per FCRA regulations, as these constitute income records rather than strict credit transactions. Any reporting of such matters violates 16 C.F.R. 313 and sections 1681-1681x of USC Title 15. I also refer you to the Privacy Act of XXXX, as well as the Family Educational Rights and Privacy Act, which forbid the nonconsensual release of personal consumer information like Social Security numbers ( 42 U.S.C. 408 ) or educational records. 
By publishing private account details to credit bureaus after receiving formal opt-out notice, your organization is clearly breaching federal consumer privacy laws, including but not limited to 15 U.S.C. 6801-6805, 1681, as well as the Privacy Act, FERPA, and numerous Codes of Federal Regulation expressly allowing consumers to control access to and sharing of our information. 
I hereby demand that you immediately cease and desist any and all unauthorized credit reporting activities associated with my accounts in accordance with my lawful opt-out rights. Please confirm in writing by XX/XX/XXXX that you have permanently terminated any reporting of my accounts or information to consumer credit agencies. Failure to comply may result in complaints submitted at the federal level, including potential SEC, FTC, CFPB, and state authorities for willful illegal use of private consumer financial information. I prefer resolving matters directly and look forward to your prompt cooperation. 


Below are codes with precedent in this situation. 

15 USC 6802- Gramm-Leach-Bliley Act : Allows consumers to opt-out and direct creditors/banks to not share my personal financial information with unaffiliated third parties. Useful for telling debt collectors I revoke any permission to pull my credit reports. 
15 USC 6805 : Enables Consumer Financial Protection Bureau ( CFPB ) enforcement of opt-out rights violations under the GLBA financial privacy law. So CFPB can take action against companies that ignore my opt-out and keep accessing my data. 
15 USC 1681- Fair Credit Reporting Act : full verified accurate consumer credit reporting. Let 's me dispute errors on my credit file with bureaus and demand debt collectors prove legitimacy of negative items. Enforces rights to have only factual info shared. 
Charge Offs - Income Reporting Prohibited : If lenders file 1099-C tax forms canceling debt over {$600.00}, it becomes taxable forgiven income. Credit bureaus can not list income, so charge-offs can't stay on credit reports after lenders file 1099-C. 
Privacy Act of XXXX  : Bars federal agencies and government contractors from sharing individuals ' private records data without consent. Prevents things like military records being accessed without approval. 
FERPA - Education/Student Privacy : Schools can not release students ' private academic records without permission ( similar to HIPAA for health data ). Allows disputing if improper info shared. 
16 CFR 313 - FTC Privacy of Consumer Financial Information FTC level requiring financial companies give privacy notices and ability for consumers to opt-out of data sharing. For disputing if banks improperly give info after I opt-out. 
16 CFR 433 - Preservation of Claims/Defenses : Says when debt is sold/assigned, the consumer retains all same rights to dispute debts against the new collector as they had against the original creditor. Keeps debt buying from removing verification rights. 
17 CFR 424 - Prohibition on Misrepresentations of Address Bans collectors falsely claiming they're contacting me from local address when they're out of state. Prevents fake "" local '' numbers on caller ID. 
12 USC 408 - Social Security Numbers Limitation : Strictly limits private businesses demanding someone's SSN, usually only banks/lenders have right to collect SSNs. File disputes if forced to give SSN improperly. 

Sincerely, XXXX XXXX XXXX",Web,None,Credit reporting or other personal consumer reports — Improper use of your report,2024-01-04T05:06:04.000Z,,8096778
"I filed for XXXX XXXX loan forbearance on XX/XX/XXXX through the XXXX website and Edfinancial confirmed when I reached out to them and they said the forbearance would be processed within 30 days. I reached out again on XX/XX/XXXX about the status of my forbearance since it still has not gone through and they said, "" I know with XXXX we are very backdated due to an influx of requests. So it's possible I will not be able to submit another request for you and you will just have to be patient. '' My XXXX loans are accruing interest while EdFinancial is not processing my forbearance promptly and now can not give me a timeline on when the application will be processed. My payments are required to resume on XX/XX/XXXX and they won't submit an emergency application for my forbearance even though it is after 30 days.",Web,None,Student loan — Struggling to repay your loan,2024-01-03T20:40:41.000Z,,8098452
There was somerhing in my credit report in XXXX  about XXXX federal student loans and I had dropped out before the cuttoff and the loans where still requested after I advised thrm of my situation and that i would not be continuing with them and have seen how the loans where still recieved and later canceled. I had stopped attending before and they still recoeved a XXXX  XXXX in my name and i never saw any of it nor did they attempt to communicate that they where keeping it and not return or cancel. Also found a fraudulent account for XXXX XXXX XXXX XXXX accepting funds to attend. When I was already attending another college.,Web,Servicemember,Student loan — Dealing with your lender or servicer,2024-01-03T19:31:16.000Z,,8098642
"After XXXX XXXX sold my personal loan to this SST, system and services and technologies, I've been harrased by this 3rd party credit company phone call non-stop and they kept changing their caller ID to call me and left various messages.",Web,None,"Payday loan, title loan, personal loan, or advance loan — Getting the loan",2024-01-04T01:24:12.000Z,,8101905
"ProCollect reporting negative rental debt to my credit report for XXXX XXXX gave XXXX XXXX a copy of my XXXX XXXX military orders and a forwarding address for my final bill so I could pay it when it was available. I never received anything from XXXX XXXX and my access to my account was deleted when I tried to log in and see if there was a balance due. I never received anything from them and my calls and voicemails went unanswered. 

I have never received anything from XXXX, a call, voicemail, letter, email, nothing. When I saw a negative mark on my credit from ProCollect, I called to advise I would like validation of the debt, including itemized statement and assignment to creditor notification mailed to my address to verify the debt owed and be allowed my 30 days to dispute or pay the amount prior to reporting to my credit report. I advised I never received anything from the original creditor or ProCollect and verified my mailing address and information. 

I advised I was called to active military duty and had an attorney on retainer and did not want to make this an issue or problem. I simply was requesting the debt to be validated in writing or at least resend the initial notice of assignment to collections so I could have a written record of what I was paying. 

The representative ignored my request again and rudely asked for my attorneys name and information, and I advised I didnt know what company this is and didnt feel comfortable continually giving out my personal information and that of my colleagues to strangers on the telephone. The representative then said that she would mark my account as refusal to pay and she disconnected the call. 

The representative ( all three I spoke with ) were extremely rude. They continually talked over me and threatened to mark my account as refusing to pay if I didnt just pay them today, and repeatedly declined to send the information about the debt in writing to my address. 

My requests to speak with a supervisor were repeatedly declined. I advised repeatedly that I was NOT refusing to pay, I simply had never heard of the company and wanted verification of the debt and the original assignment to collections notice sent to my address in writing so I could feel comfortable paying any amounts owed to some company I had never heard of. 

After speaking with three different representatives and being on hold and transferred half a dozen times, hung up on three times and being told I needed to log onto their website and provide more of my personal information to request validation of my debt and assignment to their agency, I ceased attempting to resolve the issue with their company. 

All I wanted was validation of my debt and the initial notice of assignment to ProCollect sent to me in writing so I could verify the information and be given the opportunity to pay the amounts owed if I saw they were correct and valid prior to reporting negatively to my credit report.",Web,Servicemember,Debt collection — Written notification about debt,2024-01-03T22:01:23.000Z,,8097481
"I filed for XXXX  XXXX bankruptcy on XXXX. XXXX, XXXX. An auto loan that I had that was included in bankruptcy is still on my credit report. I have tried to contact the loan company, XXXX XXXX XXXX multiple times and have been told someone will call me back and they never do. Before I filed for bankruptcy I called XXXX XXXX XXXX and told them to come pick the car up, but they told me they werent going to do that. On my credit report it shows this account with XXXX XXXX XXXX was opened on XXXX. XXXX, XXXX  ( 8 yrs, 5 mos ). On my credit report it also shows under Account Details for XXXX XXXX XXXX that this account was Closed XXXX XXXX, XXXX. But my XXXX  XXXX bankruptcy was discharged on XXXX. XXXX, XXXX. So this account should have been closed the same date my bankruptcy was discharged on XX/XX/XXXX!! This account with XXXX XXXX XXXX was included in my XXXX  XXXX Bankruptcy, is 8 years and 5 months old, and the closed date is after my bankruptcy was discharged. I have disputed this account many, many times and the credit bureaus will not remove it from my credit report. This account is causing my credit score to remain low and Im unable to get approved for a first time home buyers loan. I want this account removed from my credit report!!! It should not be on there when it was included in bankruptcy!!!",Web,None,Debt collection — Attempts to collect debt not owed,2024-01-04T01:02:04.000Z,,8101998
"Since before my student loans were due again in XX/XX/, I have been trying to either get a forbearance or deferment on my loans. I have submitted the forms for both multiple times over the following couple of months and I have not received a single response yet. I have a lot of medical bills recently because my XXXX XXXX XXXX XXXX XXXX XXXX XXXX XXXX, and I can not afford to pay my student loans at this time.",Web,None,Student loan — Struggling to repay your loan,2024-01-03T22:34:47.000Z,,8097530
"On XX/XX/XXXX, I made a large overpayment of {$40000.00} on my ~ {$130000.00} student loan to EdFinancial. My remaining balance was ~ {$90000.00}. I called the Edfinancial on XX/XX/XXXX and requested that the payment of {$40000.00} be refunded to me. They honored my request and my Edfinancial account reflected this payment reversal within a few days. My loan amount went back up to {$130000.00}. However, I was not told when I would receive this refund back into my bank account. they did say it would come back to me in my original payment method ( in this case directly into my bank account ). I have periodically checked my account on Studentaid.gov and the loan amount there has remained at {$90000.00} despite that I am making payments on a {$130000.00} loan through Edfinancial. I waited patiently and contacted Edfinancial again on XX/XX/XXXX to let them know I had still not received my refund. I was then told that I should have received a check in the mail and was asked if I wanted to be issued another check. I said sure and told them that I was not aware that it was a live check and thought it was going to be put directly into my bank account. She said she would work on having them issue me another check. She said she would call me to tell me when they issued it again. I never received a call. I contacted them again on XX/XX/XXXX and was told again that the refund process was long and I just need to be patient. I contacted Edfinancial again on XX/XX/XXXX and was told that the refund would actually go into my bank account as this was my original form of payment and that I would not be receiving a check in the mail. this representative seemed helpful and stated that she would put an emergency request for my refund as it has been over XXXX months now. She said I should hear from them before the new year and will hopefully have my money back in the XXXX business days. I called again on XX/XX/XXXX asking if there was any update about my refund to which I was told that I needed to contact my schools financial aid department, even though I have been out of school for XXXX years and my loan is in repayment. this representative then told me I should wait to hear about my refund and that it is a very long process and I need to be patient. I spoke with someone again on XX/XX/XXXX and was also told that the emergency request was placed and I should hear something soon. I requested that Edfinancial update my loan information in the XXXX XXXX XXXX XXXX XXXX because the amount on their website is different than what is on StudentAid.gov. I explained that I need these amounts to match to submit to my employer. they submitted a request to have this information updated. I already spoke to StudentAid.gov and was told that this info can only be updated by my loan servicer, EdFinancial. I am very frustrated. I want my {$40000.00} refunded to me ASAP and I want the amount updated so that studentaid.gov has the correct loan data!! Please HELP!!!!",Web,Servicemember,Student loan — Dealing with your lender or servicer,2024-01-04T02:47:45.000Z,,8101471
"On XX/XX/XXXX I viewed my credit report on XXXX XXXX. I saw that my XXXX dropped XXXX points. 

EdFinancial/XXXX XXXXXXXX XXXX account decreased by {$83.00} from {$3000.00} to {$2900.00} been XX/XX/XXXX to XX/XX/XXXX This is incorrect. On XX/XX/XXXX I submitted a {$510.00} payment and on XX/XX/XXXX I submitted a payment of {$100.00}. 

My monthly payments are {$50.00} and my recent payment was on XX/XX/XXXX of {$150.00}. Every time I submit a payment pay double or triple of whats due. 

Please view attached documents",Web,None,Credit reporting or other personal consumer reports — Incorrect information on your report,2024-01-04T04:17:54.000Z,,8097362
This debt was paid and this company is PERMANTELY CLOSED AND the owner is in federal prison for FRAUD.,Web,Servicemember,Debt collection — Attempts to collect debt not owed,2024-01-04T15:26:10.000Z,,8107692
"Today : When I did my exit financial loan counseling, I discovered that i had some delinquencies. I have been on top of my loan with EDFINANCIAL and always pay in advance. I am veteran and currently stationed here in XXXX, XXXX with my wife who is in the military and my son. It is very stressful because, noticed that I still owe some when last time I checked before they switched platform that I was almost done. I checked XXXX that I have a balance of {$400.00}. Last week EDFINANCIAL sent me an email that I have {$24.00} left as the balance. 
Also, I forgot my login password. I requested a temporary password, but EDfinancial did not send to my email. I just want to pay everything off. I don't like being behind on my bills nor get scammed with them. 
I looked at some of the reviews they are very bad, and I regret borrowing money from them. I need help because I am afraid if I call they will put me on hold for along time. Their CHAT is useless. They can not even get an agent to help me.",Web,Servicemember,Student loan — Dealing with your lender or servicer,2024-01-04T12:10:05.000Z,,8108996
"I did some online work and was supposed to be paid {$100.00}. 

I got an email from Wise saying the payment was ready, which included a link to set up an account. I was not able to set up the account because my bank does not have an XXXX number. When I tried reaching out to Wise, I was not able to get a real person, only a bot which wouldn't connect me to a real person without an account number. 

I tried explaining that I don't have an account number because the website wouldn't let me sign up, but still they would not let me talk to a real person. 

I tried setting up an account manually, but the website would not allow me to see any account information unless I deposited {$20.00}. 

I tried reaching out to them again, was told that a customer service rep would be with me shortly. An hour went by and I asked how long it would be, and was immediately sent back to the bot.",Web,None,"Money transfer, virtual currency, or money service — Other transaction problem",2024-01-04T18:28:22.000Z,,8107077
"My loan should not be with EdFinancial. After consolidation, I was placed with Edfinacial in error. I am on track to XXXX. I have been with XXXX. XXXX administers the student loans for the Federal government. I have been paying my loan through XXXX. My XXXX  counts are online with XXXX. I spoke with AIdvantage on XX/XX/XXXX, XXXX XXXX XXXX XXXXXXXX XXXX. XXXX told me my loans would be pulled back from Edfinacial to XXXX. 
I contacted Edfinacial on XX/XX/XXXXXXXX  and spoke with a customer representative XXXX. I provided XXXX with my case # XXXX from the Department of Education. XXXX had me on hold several times and explained my loan would move to XXXX and be placed on forbearance. I logged on to Edfinacial this morning to see payments due XX/XX/XXXX of XXXX dollars. I called Edfinacial and spoke with XXXX. XXXX explained they placed me on a Level plan. I am a social worker. I made {$78000.00} this year XXXX. I explained I qualify for the XXXX plan. My payment with XXXX was a little over {$600.00}. I requested a supervisor as to what XXXX had explained to me. XXXX spoke with supervisor XXXX XXXX. I did not get to speak with her. XXXX told me not to worry about my payments as they do not report to the credit bureau. I explained I am not comfortable with this scenario. I requested something in writing. XXXX indicated they do not provide anything even via my email portal. I uploaded proof to edfinacial via the Inbox I am on track for XXXX forgiveness, and XXXX said it goes to compliance that she does not see anything. We ended the call. They have notes about my call with XXXX. This is extremely upsetting as I work. I have paid XXXX. My mother is in palliative care hospice and I have done nothing but make calls and request forbearance until this is corrected and request in writing what Edfinacial has told me. It is very concerning when the information is inconsistent The payments are wrong. I am with the wrong lender and I am unable to speak to a supervisor and told not to worry about it as it is not reported to a credit agency. I do not get the impression Edfinacial is consistent with its wording or has consistent policies. I also felt XXXX was not very knowledgeable although pleasant. In my experience, things are just said without any protocol or correspondence nothing... leaving the consumer with no help other than "" don't worry about it '.",Web,None,Student loan — Dealing with your lender or servicer,2024-01-04T15:27:59.000Z,,8107960
"XXXX XXXX was bought by Accelerated Inventory Management , LLC and my loan was assigned to XXXX XXXX. For XXXX years I have been trying to discuss my loan with XXXX XXXX finally a company individual called me and stated he has my loan and he was a collection agent. I requested his full name and address, phone number so I can send a validation in debt letter. He directed me to pay {$2500.00} in installments for XXXX year to remove the debt! I stated no I have already paid a total of {$23000.00} towards the debt and when I requested a hardship payment plan through XXXX XXXX customer service account manager the collection agent stated if I do not make these payments they would place a lean on my home and garnish my wages! I reminded him of the Fair Debt Collection Act he told me he did not care just pay your bill you have a week to make a decision and hung up the phone! I called the original lender XXXX XXXX to discuss who was this third party the individual stated they sold my account! We discussed my agreement before they sold my account that I agreed to schedule my payments under a hardship program due to my spouse having undergone several operations and incurred medical expenses. Later I made another call to discuss my payment plan and the customer service representative stated there is no plan that employee no longer works here and your account was written off after 120 days non-payment. They never provided me the opportunity to resolve my debt? I requested a manager to authorize to play back the recording of our conversation discussing the hardship payment plan? Management never returned my call, letter, email nothing? I submitted a formal Consumer Financial Protection Bureau Complaint first on was no response, the second was an incorrect answer to my validation of debt discovered the account manager no longer works for lending club! Now on XXXX XX/XX/2023 I was served a summons by XXXX XXXX XXXX XXXX I was being sued by Accelerated Inventory Management , LLC. Which I sent legal answers to the summons and filed to include registered mailed to the attorney XXXX XXXX. All parties involved would never discuss or have a solution now they are taking me to court after years of non response. This has been a total nightmare and harassment of the worst kind they are operating like Loan Sharks breaking every Fair Debt Collection Practices Act Collection unfair debt collection practice! Reminder I was always transparent never avoiding the lender but they disappeared for years now coming after me legally with no validation or my stellar payment history before the hardship.",Web,None,"Payday loan, title loan, personal loan, or advance loan — Problem with the payoff process at the end of the loan",2024-01-04T16:30:46.000Z,,8109846
"I paid off a loan in XX/XX/2023 and it still remains as unpaid on my credit report. I called Edfinancial in XXXX and was told that the report monthly and maybe I just missed the cut off. It's XX/XX/2023 and I still see the full amount outstanding on my credit report. 

I am also having issues with their autopay system. It is not being processed dispute setting it up according to their guidelines. When I called they said it was my banks fault, the back did not approve the request to pull funds. I called my bank and they said that there was no attempt to pull funds. I am being denied the opportunity to get a reduced interest rate because of this. There are several people dealing with this same issue according to several different posts I have read.",Web,None,Student loan — Incorrect information on your report,2024-01-04T11:55:27.000Z,,8108364
"I have a few issues with EdFinancial who services my federal student loans. I am completely dissatisfied by this company and their customer service. 

1 ) My payments are due on the XXXX of each month. I am enrolled in autopay. The autopay date can only be the due date so in this case, my autopay date is the XXXX. Funds are drafted from my account on the XXXX of every month. Apparently it takes 2-4 business days for these payments to process. I get notified every month that my payments are past due since they arent being applied to my account until the XXXX of each month. I have called 2 times regarding this. Once in XXXX and once today XX/XX/XXXX. I was advised this can not be fixed. This is completely unacceptable that my account is showing as past due and I am being notified when I am making the payments on time, the only way they allow the payments on autopay and through no fault of my own. 

XXXX ) On XX/XX/XXXX my account was drafted for my monthly autopay. I got an email on XX/XX/XXXX from direct loans that my account is almost 30 days past due, even though the payment was taken out of my account on the XXXX  due date. I called customer service on XXXX and was advised the payment was not applied correctly and they will try to have it applied by sometime next week. So my payment has been with Ed Financial for almost a month while my account is showing almost 30 days delinquent.",Web,Servicemember,Student loan — Dealing with your lender or servicer,2024-01-04T21:12:48.000Z,,8105749
"As of XX/XX/XXXX, my student loans were paid off in full under the PSLF program. My lender at the time was Edfinancial and my loans were transferred several times to other servicers during the payofff process. Per my Federal Student Aid website, my loan balances are {$0.00}, however, as of XX/XX/XXXX, Edfinancial reported to XXXX that my loan balances remain. I disputed this with XXXX and provided the print out of my Federal Student Aid dashboard, indicating {$0.00} loan balances, because I attempted to contact Edfinancial on XX/XX/XXXX and they informed me they had not record of my account. So, id the loans were paid off and Edfinancial can not find my account. why are they reporting to XXXX that I have a loan balance on a new dispute opened XX/XX/XXXX? I am not debating my payment history, but the fact is that Edfinancial did not update all 3 credit reporting agencies of the loan payoff as required and still haven't. They have indicated they can not help me because they ' can not find my account '.",Web,None,Credit reporting or other personal consumer reports — Incorrect information on your report,2024-01-04T22:04:05.000Z,,8105215
My student loans were forgiven by XXXX XXXX XXXX. I have the official letters by account needs to be updated on XXXX and experience.,Web,None,Credit reporting or other personal consumer reports — Incorrect information on your report,2024-01-04T18:03:20.000Z,,8106815
"Purpose of my complaint to CFPB is two-fold 1 ) I've been unable to receive my refund check for a student loan payment for close to 5 months now, with no satisfactory answers provided about when I will receive the check. 
XXXX ) I would like an accounting of where my student loan payments are going. As of XX/XX/XXXX, I've put {$750.00} towards my {$20000.00} balance. However, my remaining balance still remains {$19000.00}, with only {$400.00} going towards reducing my principal. I do not believe this to be an accurate accounting, and it should be recalculated. 

Timeline of events : Paid off account in full in two payments XX/XX/XXXX : {$17000.00} XX/XX/XXXX : {$20000.00} XX/XX/XXXX : I spoke with an EdFinancial ( EF ) customer service representative, XXXX, who put in request for the {$20000.00} refund. She did not know when I would get the refund check. 

XX/XX/XXXX : Student loan balance of {$20000.00} restored to EF account. 

Additional calls made to EF re : refund status and being put on new IDR plan : XX/XX/XXXX, XXXX, XXXX ; XXXX Additional calls made to Dept of Education ( at EdFinancial 's insistence that they are the ones handling refund checks ) : XX/XX/XXXX, XXXX ; XXXX. Either did not receive a definitive answer, had to wait too long, or was unable to reach anybody due to call being dropped. 

XX/XX/XXXX : Reply from EF customer service rep, XXXX, stating again there is no estimated date when I'll receive my {$20000.00} refund check.",Web,None,Student loan — Dealing with your lender or servicer,2024-01-04T16:06:06.000Z,,8107538
"15USC 1681 a ( d ) ( 2 ) ( A ) ( i ) clearly states that transactions between the consumer and the Person/Corporation making the report is NOT included on the consumer reports. Yet XXXX is reporting this information.. The reporting of excluded information pursuant to 15USC 1681 a ( d ) ( 2 ) ( A ) ( i ) on a consumer report is a clear violation of XXXX compliance. Provide me with the XXXX compliance disclosure on reporting transactions to a consumer reporting agency. I need the transactions reporting as late, collection/charge-off status and any other derogatory information deleted from my consumer reports effective immediately. Before you think to reply that this account has been "" validated ', let 's be clear that I am not asking you to validate or verify anything. So please do not respond by telling me that as a tactic to waste my valuable time. Some of the negative accounts have been placed in Collection/Charge-Off Status WITHOUT mailing me a copy of IRS form 1099-C Cancellation of Debt. XXXX and the creditors reporting collections/Charge-Offs, late payments/other derogatory information in my consumer reports are in violation of 26 USC ss 6050P Returns Relating to the Cancellation of Indebtedness By Certain Entities. If this derogatory account information is not deleted from my consumer reports within 30 days, I will be forced to officially file IRS form 3949A : Information Referral AND IRS form 211 : Application For Award For Original Information Overview with the Internal Revenue Service against ALL entities involved.",Web,None,Credit reporting or other personal consumer reports — Improper use of your report,2024-01-04T16:18:43.000Z,,8107659
"All payment attempts have been reversed by ED Financial, causing my account to go past due. No notification of the reversal was given to me. They send emails thanking you for submitting the payment but do not notify you if the payment is reversed. There was no reason for the payment to be reversed as the bank account info was accurate and sufficiently funded. My bank account does not show any attempted transactions from ED Financial.",Web,None,Student loan — Dealing with your lender or servicer,2024-01-04T17:55:30.000Z,,8107466
"Hello, My name is XXXX XXXX, XXXX XXXX who is currently in the process of repaying back my school loans. The federal student loans have resumed its payment this past year in 2023, and I've been paying my payments on time through EdFinancial. Every time I pay, the payment reverses and the site claims that I did not pay, therefore accumulating interest. I've done research through several online forums and have seen I'm not the only XXXX, therefore referencing me to complain to the CFPB for desperate measures. I've tried contacting XXXXdFinancial but to no avail have they been able to help me. Please let me know my options whether that is to get EdFinancial to stop playing games with its customers, they have already made XXXX  and XXXX  off the backs of XXXX  's future generation- setting us up for failure at this rate if they keep it up. I'm upset, irritated, desperate for help, you name it. Thanks for your time and hope you can help me solve this problem! I don't think they can reverse the interest, that's not my concern. I would like to fricken fix their payment system and let these things go through!! My bank said it's not an issue on their end!!! 

Regards, XXXX XXXX",Web,None,Student loan — Dealing with your lender or servicer,2024-01-05T03:39:28.000Z,,8103800
I consolidated my federal XXXX XXXX in XX/XX/23 through XXXX and requested an IDR repayment plan. My loan was then transferred to EdFinancial for servicing. I then applied for the SAVE plan through the FSA website. EdFinancial has repeatedly denied my request for enrollment in the SAVE plan or any XXXX plan even though I have been assured by the Dept. of Education that I qualify for those plans. I have made several calls to their customer service dept. but have not been able to get an answer as to why I keep getting denied.,Web,None,Student loan — Dealing with your lender or servicer,2024-01-04T20:24:21.000Z,,8106116
"Edfinancial has made misleading statements about its autopay program and the accompanying 0.25 % interest rate reduction. As recently as XX/XX/XXXX, Edfinancial claims that "" While your account is in active repayment and enrolled in Auto Pay, you will receive an interest rate reduction of 0.25 % '' from XXXX XXXX  XXXX XXXX XXXXedfinancial.com/autopay. However, there is no sign of a functional autopay system, much less a 0.25 % interest rate reduction for enrolling in the program. 

I have been trying to set up my autopay since XX/XX/XXXX. After another autopay request on XX/XX/XXXX via my bank account ending in XXXX was not successful, I contacted an agent on XX/XX/XXXX, where the agent told me to wait. After waiting for another month, I contacted an agent again on XX/XX/XXXX. This time, the agent told me the issue was with my bank not authorizing the autopay, and to try again if the bank had no record of it. I contacted my bank, and they said they did not receive anything. Following the agent 's instructions, I submitted another autopay request on XX/XX/XXXX, this time with a different bank, the account number ending in XXXX. As expected, the request still has not been successful. As a result, I contacted an agent yet again on XX/XX/XXXX. The response was wait another 1-2 billing cycles. However, there is very strong reason to believe that this does not constitute an attempt to resolve my issue, given that there are numerous reports of this happening online, and autopay still not working after 2 billing cycles. See XXXX XXXX XXXX and XXXX XXXX XXXX for examples of people being told to wait 2 billing cycles and autopay still not succeeding. 

I have emailed Edfinancial with this information, but they said my issue was resolved in my most recent conversation with them, even though I clearly stated that the most recent conversation did nothing to resolve the autopay issues. See the attached files for the emails in question.",Web,None,Student loan — Dealing with your lender or servicer,2024-01-05T03:57:56.000Z,,8103575
XX/XX/2023 United collection bureau placed a collection on my account that belongs to my minor daughter who i do not have custody of,Web,None,Debt collection — Attempts to collect debt not owed,2024-01-05T00:45:16.000Z,,8104463
"The student loans are parent Plus Loans in my mother 's name, but I pay for the ones taken out for me, and my brother does the same. The loans are serviced by EDfinancial. Back in XX/XX/XXXX, I set up autopay with the same account information I had used to make manual payments during the loan repayment pause. I had been making payments ahead of time despite the autopay setup since I wanted to reduce the interest more aggressively, but also wanted the autopay there in case I ever forgot to pay early. Eventually, I stopped because the portal said I was ahead by a couple of months but would be due for payment again starting on XXXX XX/XX/XXXX. I say this to show that though I had set up autopay in XXXX and everything showed properly on the client portal, Autopay had never been used up to this point. 

The autopay did not work and the account was starting to notify me that I had overdue balances today, XXXX XX/XX/XXXX. I went and checked the portal and the autopay displays everything set up properly, so I was very confused. My solution was to call the company as an authorized user to the account to try and determine why the autopay did not work. They told me not only do they not know why the autopay was denied. Furthermore, even though I just paid the past due amount and resubmitted for the autopay, I was told that the portal is incorrect in telling me the autopay will be enforced in 2-3 business days. I was told to expect 2-3 billing cycles ( 2-3 months ).

I am extremely dissatisfied with the following points here : 1. The call staff were unable to tell me what the issue was and why my autopay did not go through. 
2. I will need to wait 2-3 months to see if the second application will work, even though nothing has changed between the first and second applications for autopay. 
3. The client service portal displayed that the autopay was active despite being told it was not by the call staff, and the confirmation pop-up for resubmitting for autopay instructs the user that the autopay will start in 2-3 business days ( which is not accurate ).

Between the inaccurate website and the lack of information, I find it very frustrating that the loan company is being this difficult with me just trying to pay my loans off.",Web,None,Student loan — Dealing with your lender or servicer,2024-01-04T21:34:14.000Z,,8106072
"I have used the international transfer company, Wise, to send remittances from the US to the XXXX ( USD to GBP ). Several times these were instant transfers as promised, however recently for this transfer I was told it wouldn't arrive for a couple of business days. 

I actioned the transfer on XX/XX/2024, which was $ XXXX from XXXX XXXX , with a guaranteed GBP arrival including all fees of XXXX. 

However, immediately upon transferring the money, I was then told that the money would not arrive until XX/XX/2024. Despite this, the money left my XXXXXXXX XXXXXXXX very quickly ( not pending, the transaction went through ). I tried calling customer service, and they said my money was on the way to them but they couldn't locate it ( this was very unhelpful ). Also, as the allocated time had passed for the guaranteed rate, they couldn't let me know what rate I would get and how much would arrive, despite me never agreeing to any other rate. This means I don't know where my money is, when it's "" arriving '', and how much will arrive. I have since read several other reviews on this company which state that Wise pretend not to have their money and hold onto it for months. I tried putting complaints through to customer service, have spend a long time on the phone with them. They refused to put me on the phone to anyone that could help, and couldn't say anything other than "" your money is on its way to us '' or "" it's with OUR banking partners ''. I've also tried to reach out via their website but got no responses. 
They still have not confirmed where my money is.",Web,None,"Money transfer, virtual currency, or money service — Money was not available when promised",2024-01-04T23:41:42.000Z,,8104735
On XX/XX/2023 I submitted a request to send money to a family member in XXXX using the Paysend app. The money still is not at the recipients account in XXXX XXXX. The money was debited from my bank account and on the app still shows in process. I tried to resolve by calling to cancel the transaction but apparently the transaction could not be cancelled or so thats what they claimed. This money was sent for an emergency and neither the money is the beneficiary account nor have received a refund. Transaction no XXXX It is totally unacceptable way of doing business.,Web,None,"Money transfer, virtual currency, or money service — Other transaction problem",2024-01-05T01:20:05.000Z,,8104600
"Please delete, this is my second request but they haven't responded",Web,None,Credit reporting or other personal consumer reports — Incorrect information on your report,2024-01-05T04:40:13.000Z,,8103551
"I have already sent this company a letter to validate this claim that I have any contract with them. The company did not provide any information staying that I have any contract with them. So they has deleted this account from my consumer report. Also this company has many names that go by trying to be confusing to consumers that wrote me again try to collect on a debt that I do not owe to them. They are breaking the laws of the CFPB/FTC I have a right to privacy as well as a consumer. I also sent the a cease and desist letter and they still decided to break the laws by contacting me about debt I do not owe them l have no contract with them I will sue them if they decide to keep this up it's a XXXX per volition. I will go to small clams court and get XXXX. Acct # XXXX To Whom It May Concern : Wakefield & Associates FIRST OFF YOU NEVER SENT ME A LETTER SO I CAN DISPUTE THIS DEBT WITH YOU SO THATS YOUR FIRST VIOLATION ITS up to a XXXX per violation and I'm coming for you. This letter is being sent Under the Fair Debt Collections Practices Act ( FDCPA ), I have the right to request validation of the debt you say I owe you. I am requesting proof that I am, undeniably, the party you are requesting to pay this debt. I am requesting validation of the date of alleged medical service, the name of the patient, and proof that there is some contractual obligation that is binding on me to pay this debt. Please attach copies of : Any agreement with your client that awards you the authority to collect on this alleged debt, or proof of acquisition by purchase or assignment, and authorization under subtitle D of the ARRA, SEC. 13401. 
APPLICATION OF SECURITY PROVISIONS AND PENALTIES TO BUSINESS ASSOCIATES OF COVERED ENTITIES ; and SEC. 13407 ( 1 ) BREACH OF SECURITY. The term "" breach of security '' means, concerning unsecured PHR identifiable health information of an individual in a personal health record, acquisition of such information without the authorization of the individual. Please note that enforcement of penalties against you is covered under the penalty rules of the XXXX XXXX XXXX effective XX/XX/XXXX interpreting and implementing various provisions of the Health Information Technology for Economic and Clinical Health Act of 2009 ( HITECH Act ) as issued XX/XX/XXXX and the penalty rules of the FCRA and FACTA including FACT Act changes final rules effective XX/XX/XXXX. Please also attach copies of any agreement that bears the signature of the alleged debtor wherein he or she agreed to pay the creditor and as this is a medical account, a copy of any HIPAA authorization. Please also be advised that this letter is not only a formal dispute but a request to cease and desist all collection activities, including reporting of ; or verifying this account on my credit reports. I require compliance with the terms and conditions of this letter within 30 issued XX/XX/XXXX and the penalty rules of the FCRA and FACTA including FACT Act changes final rules effective XX/XX/XXXX. Please also attach copies of any agreement that bears the signature of the alleged debtor wherein he or she agreed to pay the creditor and as this is a medical account, a copy of any HIPAA authorization. Please also be advised that this letter is not only a formal dispute but a request to cease and desist all collection activities, including reporting of ; or verifying this account on my credit reports. I require compliance with the terms and conditions of this letter within 30 days or a complete withdrawal, in writing, of any claim. In the event of noncompliance, I reserved the right to file charges and/or complaints with the OCR on your HIPAA violations and appropriate County, State & Federal authorities, the CFPB, XXXX, and XXXX XXXX XXXXXXXX for violations of the FDCPA, FCRA, and Federal and State statutes on illegal collection activities on any account that may be time-barred as well as in violation of [ name your state ] XXXX  privacy rules. I also, hereby, reserve my right to take private civil action against you to recover damages. XXXX XXXX XXXX",Web,None,Debt collection — Took or threatened to take negative or legal action,2024-01-05T02:24:21.000Z,,8103742
"I have contacted EdFinancial at least 6 times since XX/XX/XXXX to resolve issues with the SAVE application I submitted on XX/XX/XXXX through studentaid.gov. I have been lied to on every call - the reps tell me that they'll fix everything and that I shouldn't make payments until their fix goes through, and then on the next call I'm told that the previous rep either had lied about the process, had lied about taking action, or both. This has cost me {$8000.00} in accumulated interest. 

On the first call ( XXXX ), I was told my SAVE application was in their backlog. In case the application wasn't processed in time, I was told to disable autopay on my account. 

The second time ( XX/XX/XXXX ), I was told that what I had been told was untrue, the application was lost, and that I should re-do it over the phone. At that point I had been billed for over {$1000.00}. I was told that the application would re-set my this bill, so I shouldn't pay that existing amount. I asked to apply the 1-month administrative forbearance so that the paperwork would have time to process. 

The third time ( XX/XX/XXXX ), I was again told to not worry about the growing past-due balance, as it would take time for it to be reset. There was no record of the administrative forbearance. 

The fourth time ( XX/XX/XXXX ), I was told that none of this was true, but I could apply for a hardship forbearance that would reset my past-due balance, and that an administrative forbearance was not available. I was walked through the process, asked to acknowledge the required disclaimers, and told that the application had been submitted. I was told to expect this to take 7-10 days. I was not told I had accumulated interest that would capitalize. 

By the fifth call ( XX/XX/XXXX ), I had lost all confidence and called to make sure that my forbearance had been submitted. I was told there was no record that it had been entered, much less processed. I was asked to re-submit my application, re-read the required disclaimers, and told it would take 7-10 days. 

My 6th chat was today ( XX/XX/XXXX ), and I was told the XXXX forbearance would take up to 45 days to process. Interest would continue to accumulate ( I am up to {$7700.00} in interest alone ) and would capitalize once the application was approved. I was told I could just go ahead and pay all the past due balances ( now {$2500.00} ) to prevent any further interest accumulation. 

They recommended that I cancel the hardship forbearance and move forward with an administrative forbearance. that would take an additional 35-45 days to process. I could still pay all past-due balances and interest if I wanted to keep any further interest from accumulating. 

Had I been told in XXXX that my application had been lost, I would have re-applied before the deadline. 

Had I been told in XXXX or XXXX that the SAVE application approval would not re-set my balance due, I would have bit the bullet and paid the extra amount. 

Had I been told in XXXX either 1 ) that administrative forbearances were still available, or 2 ) that interest was and would continue to accumulate, or 3 ) that it would take over a month to process, I would have paid. 

Had I been told at any time that following EdFinancial 's advice to not make monthly payments was resulting in over $ 1k of accumulated interest per month, I would have just paid. 

I was lied to repeatedly by EdFinancial representatives, and the result is that I am much deeper in debt than I was when I applied for SAVE.",Web,None,Student loan — Dealing with your lender or servicer,2024-01-05T16:56:20.000Z,,8111848
"I am contacting you again after a first complaint and response, because to this day I still have not received the money from my blocked wise account in my bank account. 

On XXXX XXXX, I received an email in response to my complaint, stating that the money in my account would be refunded to my bank account after 60 days. 

More than 60 days have passed and still no email from Wise and no refund.",Web,None,"Money transfer, virtual currency, or money service — Other transaction problem",2024-01-05T16:37:25.000Z,,8112644
"Hello, I have sent money ( amount of XXXX USD + Processing fee of XXXX USD ) for my family 's medical assistance in XXXX on XX/XX/2023 from XXXX XXXX located on XXXX XXXX XXXX, XXXX, NC XXXX via Ria Money Transfer service using my debit card. The transaction was cancelled and was not delivered to my family. on XX/XX/2023 I directly called Ria Money transfer telephone number and asked them to re-attempt the cancelled transaction over the phone, which they did and I was assured the money will be delivered next day. The money was not delivered this time either and the transaction was cancelled for the second time. I was told by Ria agents that I will get a refund of the original amount within 7 - 10 business days on my debit card. The last transaction attempt was made on XX/XX/2023 and I have not received my refund even after waiting 10 days. I have called Ria money transfer Settlement department and lodged a complaint ( Case Number XXXX ) and they assured me I will get my money back with in two days which I did not. I have confirmed from my bank that there is no pending deposit from this particular agent. No matter how many times I call this agency, I am being lied to on a daily basis. This is a hard earned money That I trusted this agency to deliver and was robbed on a broad day light. I am reaching out to your bureau to intervene and help me get my money back. 
Best Regards!",Web,None,"Money transfer, virtual currency, or money service — Other transaction problem",2024-01-05T17:11:37.000Z,,8112122
"From XXXX XXXX I deposited XXXX to Robinhood. I purchased bitcoin for about XXXX and left the rest in the account. I waited a little bit to let the funds settle and I tried to send my crypto to my personal wallet and they denied the transaction and immediately restricted my account from depositing, buying, and withdrawing my money. The only thing I could do is sell my assets. A couple days later they told me to upload a bank statement and I did. Then I called and asked them for an update and they said my account restriction will be lifted. It was not lifted and I received an email saying they were going to close the account and return the funds if eligible in 15 days. This wasnt true either, I called back and they said they were not going to return the funds. I then sold my assets for a lost of about {$300.00} and now Im just trying to withdraw my funds. I keep receiving an email saying the same automated text that my funds will be returned if eligible in 15 days. I do not find this true at all because there are many people I talked to in this same situation who did not receive their money and had to take legal action.",Web,None,"Money transfer, virtual currency, or money service — Money was not available when promised",2024-01-05T18:09:34.000Z,,8111842
"I completed a borrows defense repayment, school gave false advertisement about how they can help students and I did not receive any help from staff after XXXX I never used my certification and I was sent to internship program that was not hiring ( False advertisement )",Web,None,Student loan — Struggling to repay your loan,2024-01-05T15:51:55.000Z,,8112657
"I was called by XXXX XXXX XXXX and told I was going to be charged with writing a bad check from 2013, because I provided my bank information on a payday loan and never paid it. I have no recollection of this. I paid all my loans and nothing is showing on my credit report. I ended up paying XXXX. After looking into the company, I believe I was scammed. I called their customer service number at XXXX and it didnt go through. I spoke to XXXX XXXX, at least thats what she told me.",Web,None,Debt collection — Took or threatened to take negative or legal action,2024-01-05T17:23:44.000Z,,8112179
"Systems & Services Technologies is not reporting my account information to any of the 3 credit bureaus ( XXXX, XXXX XXXX XXXX ). I have requested multiple times for Systems & Services Technologies to report my account information to all 3 credit bureaus but they fail to report my account information so Im now submitting a complaint",Web,None,"Payday loan, title loan, personal loan, or advance loan — Unable to get your credit report or credit score",2024-01-05T17:41:06.000Z,,8112087
"I have continually had issues with my payment 's going through Ed Financial 's online system. I have repeatedly had to delete and reset my bank account info for an ACH transaction. After I reset their system accepts one or two payments and then starts sending me notices that the bank returned my payment. This happened through the entire pandemic, and is now happening again that I am in a repayment. Most recently I received the attached letter for my XXXX payment. They accepted my XXXX payment on XX/XX/ using the exact same bank info. The only solution they had for me was to call to make payments via debit card each month. Issue with that is they have long wait times and a call back can take up to 24 hours. Their system is jenky and their customer service is unhelpful. There isn't really anything the company can do to resolve this. I would have my loan paid off by now had their system functioned and accepted payments. I just want to make other consumers aware to not use them as a lending institution they will make your life cumbersome to scam you out of money.",Web,None,Student loan — Dealing with your lender or servicer,2024-01-05T19:48:09.000Z,,8111340
"I was in school from XXXX to XXXX of XXXX at XXXX XXXX XXXX XXXX XXXX which is an accredited college. I am waiting for the XXXX semester to begin. EdFinancial is telling me that my loans are due NOW which is not true. With an in-school deferment, student loans are not due until a student graduates or attends school less that half-time and then the student has a 6 month grace period before the loans are due. So, technically, my student loans should not be due until XX/XX/XXXX. 
Every time I call I get a different story from EdFinancial. One representative stated she would send the correct information to her "" back office '' so they would put my loans into in-school deferment. That did happen but the loans stated they were due on XX/XX/XXXX. While I am waiting for the XXXX semester to start, XXXX is telling me my loans are due now. No student has to pay student loans BETWEEN semesters! I want my student loans placed into in-school deferment with the 6-month grace period.",Web,None,Student loan — Dealing with your lender or servicer,2024-01-05T23:12:43.000Z,,8115210
"My payments have been reversed on the following dates, XX/XX/XXXX XXXX XXXX XXXX XXXX XXXX XXXX 

They've only accepted my payments three times on the following dates, XX/XX/XXXX XXXX XXXX 

I emailed them but received no response and their call center is impossible to navigate. It seems this is a common problem with others who use Ed-financial, where their payments are being reversed without explanation.",Web,None,Student loan — Dealing with your lender or servicer,2024-01-05T18:21:47.000Z,,8115679
"When student loans left the federal forbearance period in XXXX, 2023, I set up auto pay with my credit union so Ed Financial could take out my payments and apply them automatically. They have been withdrawing the money every month ( XXXX, XXXX, XXXX so far ), but are not applying those payments to my account. They continue to send me late payment notices but the money is leaving my checking account. 

I have tried to escalate this with management at Ed Financial, but the only action they have taken to date is to cancel my auto pay. Now my Ed Financial statement shows that I am nearly {$1800.00} overdue in spite of auto pay taking that money out of my bank account.

I have shared with them twice now, bank statements proving the withdrawal on the same date each month, but Ed Financial continues to pass me from agent to agent with absolutely no resolution in sight. I will consider legal action in this matter if I can't get an amicable resolution as I am currently being defrauded by this servicer. 

I am attaching images of my accounts and billing statements. In the statement from Ed Financial you can clearly see that I was enrolled in Auto Pay until this week. This was Ed Financial removing me from auto pay, but not correcting their error. Please feel free to reach out if you need any clarification for these images.",Web,None,Student loan — Dealing with your lender or servicer,2024-01-05T21:02:24.000Z,,8110963
In accordance with the fair credit reporting act this creditor has violated my rights under 15 USC 1681 section 6 o 2 states I have the right to privacy ( 15 USC 1681 ( section 6 0 4 a section 2 ( it also states a consumer reporting agency can not furnish an account without my written instructions under 15 USCS 1666b a creditor may not treat a payment on a credit card account under an open end consumer credit plan as late for any purposes,Web,None,Credit reporting or other personal consumer reports — Incorrect information on your report,2024-01-05T19:11:00.000Z,,8111945
"On Friday, XX/XX/2024, I received the following error message from payments.google.com : Your profile is under review. 
Your profile is under review. Your service is still active but some transactions may be limited. Please respond to any request for information. 

When I selected Learn More, I was redirected to support.google.com where I received the following prompt : Verify your account We were unable to verify some information in your Google Account, so we have temporarily suspended your account. Until we verify your account information and reactivate your account, you may be unable to buy things from Google or use some Google products. 

To reactivate your account, please provide the information and documents listed below. It's important that the "" Email '' field contain the email address of the account that has been suspended. 

You'll need : A government-issued ID. 
A document, such as a bank statement or utility bill, showing your name and address.",Web,None,"Money transfer, virtual currency, or money service — Managing, opening, or closing your mobile wallet account",2024-01-06T00:19:09.000Z,,8114962
I do not have a contract with this company. I have attached a letter to this complaint requesting validation. I do not recognize this account.,Web,None,Debt collection — Written notification about debt,2024-01-05T22:45:59.000Z,,8115364
"SCA COLLECTIONS submitted an unfavorable Collections claim to my credit report for the amount of {$950.00}, which has significantly lowered my credit score, and has negatively impacted my life. I have not received proof from SCA COLLECTIONS in writing that I am the owner of the supposed debt, or what specific service provided, that the debt was in reference to. Additionally, as a Veteran, I have always maintained healthcare insurance/coverage. I believe this is an invalid claim and would like it to be removed from my credit report.",Web,Servicemember,Debt collection — Attempts to collect debt not owed,2024-01-05T21:23:07.000Z,,8110829
"All three of my student loans are with EdFinancial. 

In XXXX or XXXX of 2023 I applied for the XXXX repayment plan because it is the best plan for me based on my current income. When I calculated my loan payment twice before applying for XXXX and again when I did finalize applying for XXXX, my monthly payments came out to $ XXXX every time. So I knew that my payments, once they restarted in XX/XX/2023, should be about or a bit less than {$200.00}. My income has not changed enough in the past XXXX months to affect my XXXX payment. So there is no reason my XXXX monthly payments should change. 

When my payments restarted in XX/XX/2023, each payment on each individual loan amounted to more than my TOTAL calculated XXXX monthly payment. In XXXX, my payment was again several XXXX dollars above the XXXX payment. Only at the beginning of XXXX did my monthly payment finally correct to XXXX and lower to the correct amount. 

Because I didn't pay XXXX, XXXX, nor XXXX 's payments because they were all incorrect, interest has now accrued on totals that I would have lowered had EdFinancial promptly applied my XXXX application to my EdFinancial account and loans.",Web,None,Student loan — Dealing with your lender or servicer,2024-01-05T20:04:27.000Z,,8110858
"Wise stated they were changing my account details and that my old details would be valid until XX/XX/2023 on XX/XX/2023. 

On XX/XX/2023, I had 3 debits initiated with the and my rent payment was cancelled without cause or warning. 

On XX/XX/2023, I reached out to Wise for clarity and compensation for the fees accrued by this lack of follow through. 

On XX/XX/2023, I received a message from a complaints officer stating that they have acknowledged my complaint and that a final response will arrive by XX/XX/2023. 

I have reached out on XX/XX/XXXX, XX/XX/XXXX, and XX/XX/XXXX for information to no reply. 

I was charged XXXX USD for this mistake/error by the company.",Web,None,"Money transfer, virtual currency, or money service — Money was not available when promised",2024-01-05T20:22:25.000Z,,8111904
"the following is the problem : i cant do a transaction because of an error of the platform, i wrote to the support area of the company called trust wallet ( a digital currency wallet ) telling this problem, the date of that email was XX/XX/2023, but i have not received any answer from this company and in need to use my money, i want to buy something in a platform that accept bitcoin called XXXX, but trustwallet shows an error at the moment of the purchase, i attach the support of the email to trustwallet and the error. My trustwallet account email is XXXX. Thanks",Web,None,"Money transfer, virtual currency, or money service — Other transaction problem",2024-01-06T00:41:58.000Z,,8114799
"Back in XXXX XXXX XXXX, I paid {$1800.00} off my student loans and recently, I made another payment of {$1300.00}. None of my payments were shown in the history of payments nor did the balance that I owe was reduced. The interest for these loans continues to increase because the balance stayed the same. The money was taken out of my account already. I tried to email them and chat live but I did not receive any response back.",Web,None,Student loan — Dealing with your lender or servicer,2024-01-06T10:22:08.000Z,,8116372
"Wisely, this bandit company took over my bank account and made it impossible for me to withdraw funds from my international bank account. All my cash is legally transferred from XXXX to my Wise personal account. Just because I applied for a Wise physical card, the fraud company Wise froze my account three days after issuing me a Visa card and misappropriated my personal assets. I can't withdraw cash from my Wise account properly. This is a violation of users ' human rights. Strongly protest against the gangster style of Wise Financial Fraud Group. At the same time, I will never trust Wise, a financial fraud group, in the future. They exploit the trust placed in them to deceive customers and seize users wallets. I originally thought they valued human rights. Unexpectedly, they turned out to be a group of bandits and vampires. Yesterday, this group of robbers canceled my account for no reason and took away my legitimate assets. This is illegal financial fraud. I request the relevant units to severely punish this company, not to shield this XXXX company, and not to let this illegal financial company run amok around the world. My current mobile phone number that can answer calls is ; XXXX",Web,None,"Money transfer, virtual currency, or money service — Fraud or scam",2024-01-06T03:17:18.000Z,,8114438
"This company has put inaccurate information on my credit file to receive money over XXXX debt I have not even agreed or my arrangement with. I don't even know this company but on XX/XX/ I checked my credit report to see about my credit score and noticed this new Collection Agency has reported information on my credit file which is a violation of FCRA. I never received a written letter or anything from this company to feel like I owe them any thing or debt. I have proof to show how this inaccurate information is reporting on my credit file which is damaging my life. 

XXXX XXXX XXXX XXXX XXXX XXXX XXXX XXXX, MO XXXX XX/XX/2024 North American Recovery Subject : Cease and Desist Letter Dispute of Collection Accounts on My Credit Report Dear North American Recovery, I am writing to formally dispute and request verification of the collection accounts that appear on my credit report, which are allegedly being pursued by North American Recovery. I have discovered these entries on my credit report, and I am deeply concerned about the negative impact they may have on my creditworthiness.

I dispute the validity of the aforementioned collection accounts for the following reasons : 1. Lack of Verification : I request that you provide detailed documentation validating the debt, including the original creditor 's name, the amount owed, and the dates of the alleged transactions. Failure to provide this information will result in my rejection of the validity of the debt. 

2. Verification Period : According to the Fair Debt Collection Practices Act ( FDCPA ), I have the right to request validation of the debt within 30 days of receiving this letter. Please consider this letter as my formal request for validation. 

3. Cease and Desist : I demand that all communication related to the collection of this debt cease immediately. This includes any phone calls, letters, or other forms of communication. Continuing to contact me in regards to this debt without providing proper validation will be a violation of the FDCPA.

4. Reporting to Credit Bureaus : I expect that you promptly update the credit reporting agencies to reflect that the debt is in dispute. Any failure to do so may result in legal action against your agency for inaccurate reporting. 

Please be advised that I am fully aware of my rights under the Fair Debt Collection Practices Act and the Fair Credit Reporting Act. I am prepared to take legal action if necessary to protect my rights. 

I expect your prompt attention to this matter and the provision of the requested documentation within the stipulated 30-day period. Failure to comply will leave me with no choice but to pursue legal remedies available to me. 

Sincerely, XXXX XXXX",Web,None,Debt collection — Took or threatened to take negative or legal action,2024-01-06T19:52:24.000Z,,8117489
"I have bought a {$100.00} Debit visa ( OneVanila ) card # XXXX XXXX XXXX XXXX expires XX/XX/24 XXXX XXXX XXXX XXXX XXXX XXXX, it was useless. 
Contacted customer service a lot of times, thay Asked for my personal identity which I gave them. 
After several emails in more than one year, they approved ( photo attached ). 
By following up more than a year, they send a new card XXXX XXXX XXXX XXXX To my Friend Address in USA according to their request which I had to give them. 
The new CARD is USLEES!!?. 
My Complains are : They have my identity info, and I am very worried. 
They have vested my time I want my money {$100.00} back I want Gov. punish them",Web,Older American,Prepaid card — Trouble using the card,2024-01-06T18:18:10.000Z,,8117164
I opened a business checking account with relay financial they made me jump through all these hoops and loops and did this extensive verification with lots of extra steps just to open account in XXXX of XXXX finally once opened I deposited {$100.00} and tried using debit card for months I couldnt use the account kept calling customer service getting the run around then on XX/XX/XXXX they sent me a email saying they are closing my account for no reason and sending me a check on XX/XX/XXXX its XX/XX/XXXX and no check received no response from customer service and the {$100.00} still sitting in account refusing to send it back and account locked I deposited a legit check for XXXX $ they played games for 10 days then accused me of altering the check this bank is garbage and a bunch of crooks nothing but excuses and stories delaying me and hindering my business,Web,None,Checking or savings account — Closing an account,2024-01-06T19:40:55.000Z,,8117392
Wakefield called and I told them I don't owe anything and they need to contact my injury  lawyer XXXX XXXX.,Web,Servicemember,Debt collection — Took or threatened to take negative or legal action,2024-01-07T14:12:23.000Z,,8119354
I just checked my credit and had 2 hard inquiries that I didnt apply for one says XXXX and another says XXXX XXXX I was told to make a complaint with you this is probably because I gave my information to a job that turned out to be a scam now they have all my information,Web,None,"Payday loan, title loan, personal loan, or advance loan — Credit monitoring or identity theft protection services",2024-01-07T01:52:09.000Z,,8118425
"I purchased a XXXX {$220.00} prepaid giftcard on XX/XX/2023 to use some cash online. As I got the card I checked and made sure that I would be able to spend it online and went to their website and verified it would be possible. I went to try and use the card on XXXX and it failed. I called and they said it wouldn't go through to XXXX ( not stated anywhere for anyone to see ). So I tried paying through paypal and it didn't work. I called back and they said it would go through on XXXX, but it would go through on XXXX. I gave it a night and decided to try XXXX as a completely separate merchant. It didn't go through so I called and I was told that the card was only able to be used in store. I got XXXX different answers from XXXX  different reps and they didn't offer XXXX  resoloution on the issue.",Web,None,Prepaid card — Trouble using the card,2024-01-06T21:36:52.000Z,,8117589
"This debt is not mine ; the debt collector can not provide any proof the debt is mine as outlined in the FCRA. They can not provide any paperwork proving this is my debt, a signed document or anything. 

Additionally, the debt collector has been using unethical practices to intentionally cause damage to my credit causing financial burden and effecting my mental health. They continue to cycle back and forth anytime I dispute the debt between the names "" Wakefield and associates '' and "" Choice recovery '' ( both of companies are the same as "" Choice recovery '' has been acquired by "" Wakefield and associates '' in 2022 and are both reporting the same debt ). Every time they do this It causes my score to drop for the same unverified debt causing severe damage to my credit and making it impossible for me to qualify for credit, more specifically a home loan. Not to mention they are currently reporting the same debt twice on my credit report. 

Furthermore, neither "" Wakefield and Associates '' or "" Choice recovery '', are licensed to collect debt in the state of North Carolina as required by law here. A cease-and-desist letter has been sent to them to discontinue any further reporting on my credit report and harassment communication.",Web,None,Debt collection — Attempts to collect debt not owed,2024-01-06T23:52:22.000Z,,8118190
"In XXXX of XXXX I opened an account with XXXX for a title loan on my vehicle ( roughly {$10000.00} ). The fee schedule was explained to me loosely and never once was I told that with late payments the balance on said loan would increase and no difference would actually be made on total owed AFTER payments are made. In XXXX of XXXX I called to get a payoff quote and found the amount has not changed, additional months had been added to the end of my agreed upon extensions, and that there was no end in sight to actually pay it off. Loanmart charges near 100 % interest which I believe is illegal. They got almost {$20000.00} for my {$10000.00} loan in 2 years, and still quickly repossessed the vehicle once payments were behind. Not even 60 days delinquent.",Web,None,"Payday loan, title loan, personal loan, or advance loan — Charged fees or interest you didn't expect",2024-01-07T01:06:14.000Z,,8118203
Ive had my account locked by McKenzie XXXX  and theyve seized my business bank account,Web,None,Debt collection — Took or threatened to take negative or legal action,2024-01-06T21:55:01.000Z,,8117849
"Dear Sir or Madam. 

XXXX XXXX XXXX has put a collection on our credit report for a service that they did not provide. 

We went to this facility to measure my daughter for contact lenses. They gave us a prescription that turned out to be incomplete and tried to charge us for the service. 

When we went to purchase the contact lenses from the store we were informed that the prescription was for a regular eye exam and did not contain the contact lens measurements required to order contact lenses. 

When we went back to the facility they told us they can't measure for contact lenses. We only went to the facility because of the contact lens measurements and stated as much in the beginning. If they had let us know they could not provide the full service, we would have never agreed to an exam. 

We ended up having to go to another facility and pay for proper contact lens measurements. 

Address of Physician XXXX XXXX XXXX XXXX, XXXXXXXX XXXX XXXX, New York XXXX",Web,None,Debt collection — False statements or representation,2024-01-07T13:27:05.000Z,,8119327
"An amount of {$51.00} was submitted on XX/XX/XXXX  for student loan repayment to EdFinancial Services. It was reversed on XX/XX/XXXX  but no notice was given for the reversal. An amount of {$100.00} was submitted on XX/XX/XXXX  and was reversed again the same day, with no notice via email, phone, or otherwise. My bank is connected to the account, all information is up to date and correct. No reasons have been given for the payment reversals and yet they continue to mark these as overdue. Autopay was set up prior but can not function due to this.",Web,None,Student loan — Dealing with your lender or servicer,2024-01-07T02:25:26.000Z,,8118501
"On XX/XX/2023, I am Currently, as a federally protected consumer, seeking proof of the alleged debt, under the doctrine of estoppel by silence, XXXX XXXX XXXX ( Mo ) XXXX XXXX XXXX, XXXX, I may presume that no proof of the alleged debt, nor therefore any such debt exists. Thus, absent such proof, you must terminate this collection and correct any erroneous reports of this debt as mine. 
I am disputing this erroneous account on my credit report as not authorized directly with you, the furnisher of information, and I am requesting an investigation in the FCRA Section 623. The FCRA regulates how the credit bureaus handle your report under section 611 for accuracy { 15 U.S.C. section 1681-2. Any attempt to collect this debt without validation violates the FCDPA. ( FAIR Debt Collection Practices Act ) and the INQUIRIES 15 USC 1081b.

806. Harassment or abuse 807. False or misleading representations 808. Unfair practices 809. Validation of debts * Please note that proper documentation is NOT a printout or bill from you but rather actual proof of the alleged debts existence ( original alleged contract bearing my signature ). Expeditious weekly updates are scheduled to be sent to the CRA electronically. Lastly, please provide evidence of your authorization under 15 USC 1692 ( e ) and 15 USC 1692 ( f ) in this alleged matter.",Web,None,Debt collection — Attempts to collect debt not owed,2024-01-07T21:14:25.000Z,,8120254
"Edfinancial does not have weekend hours to accommodate borrowers. I contacted Edfinacial on XX/XX/XXXX regarding a student loan that qualified for PSLF and had been serviced by XXXX. 
I submitted a paper loan consolidation on XX/XX/XXXX to complete my double consolidation process thus my resulting loan has not directly received a parent plus loan. My paper loan was to complete the consolidation to qualify before XX/XX/XXXX for the one-time IDR waiver/correction to take place. 
In summary, my loan should not be with Edfinacial. On XXXX I spoke with XXXX representative for Edfinacial. XXXX assured me I would be placed in forbearance while my loan was pushed back to Mohela as it is a PSLF loan. XXXX placed me on hold several times while he spoke with a supervisor. I hoped XXXX was correct. I logged on to Edfiancial portal I had just created. I had been paying XXXX. My current loan started in XXXX of XXXX. The consolidation loan with Edfinacial was also set as a new XXXX loan starting XX/XX/XXXX and ending when I would be XXXX ( If I lived ) in XXXX. My loans should be forgiven at this point with the IDR waiver when applied post-consolidation. 
When I saw this loan had an additional principal of {$170000.00} My new payment is {$3700.00}. My plan under XXXX was {$680.00} per month. I could never make the payment Edfiancial set nor should they be my servicer. 
I called Edfinancial on XX/XX/XXXX and spoke with XXXX at Edfinacial. I asked XXXX if my call was recorded. She verified the call was recorded. I explained all of the above to XXXX. XXXX misrepresented PSLF to me. XXXX told me it did not matter if my payment was not paid as "" they do not report to credit agencies ''. I asked XXXX to escalate me to a supervisor or escalation team. XXXX put me on hold. XXXX returned telling me they put me on a "" level '' plan. I explained I qualify for the IDR plan. I have my paper application ready to send. However, I am scared to death to do anything. 
XXXX intimated I did not qualify for XXXX???? I reiterated the above. I informed XXXX my Edfinancial inbox holds the forms I submitted should be there showing I am in the PSLF program. XXXX was not willing to nor informed about PSLF, my account, forbearance etc. She would not connect me with a supervisor. I am accruing interest on a loan Edfinacial should not hold. I never requested Edfinacial. I should be with XXXX. Edfinancial rep XXXX and XXXX placed me on hold multiple times to seek information. I believe both were ill-informed. 
Today I opened a letter saying my payment starts on XX/XX/XXXX. My account online states my payments start XX/XX/XXXX. I am not placed in forbearance. Edfinacial representative I spoke with has not considered my waiver nor communicated in any matter with me- the consumer to ameliorate a loan close to forgiveness- rather create a new XXXX loan to benefit XXXX. I was disconnected or dropped from my next call with XXXX.",Web,None,Student loan — Dealing with your lender or servicer,2024-01-07T22:18:17.000Z,,8120626
"In accordance with the fair credit Reporting act XXXX Account # XXXX, has violated my rights. 
15 USC 1681 Section 602 States 604 A Section 2.

It also states a consumer reporting agency can not furnish an account without my written instructions.

15 USC 1666B : A creditor may not treat a payment on a credit card account under an open-end consumer credit plan as late for any reason or purpose.",Web,None,Credit reporting or other personal consumer reports — Improper use of your report,2024-01-07T09:13:22.000Z,,8119143
"I have been a victim of a massive identity theft. This is just XXXX of the XXXX institutions they used to attach my banks and credit cards to third party apps and completely wipe me out... This has been going on for a year now and can't get help from anyone so I have been forced to go this route. I have the police report, the FTC REPORTs along with having to freeze my credit etc... Please help me?!! ; please",Web,None,"Money transfer, virtual currency, or money service — Unauthorized transactions or other transaction problem",2024-01-07T05:00:27.000Z,,8118807
I put my XXXX down and paid the company and then they sent me to collections. I have no idea why I would owe more money as I never received XXXX  or any goods from them. I would like this off my credit,Web,None,Credit reporting or other personal consumer reports — Incorrect information on your report,2024-01-07T21:10:08.000Z,,8120275
"ED FINANCIAL/XXXX Has violated many of my rights concerning my privacy and securities. 

Per 16 CFR 313 model privacy form. I have a right to opt out of the company sharing my personal and financial information.

Per 16 CFR 313.7 methods of opt out. I sent a written notice to the company of me reserving my rights verbal non verbal written non written.

15 Usc 6802 b ) Opt out ( 1 ) In general A financial institution may not disclose nonpublic personal information to a nonaffiliated third party unless ( A ) such financial institution clearly and conspicuously discloses to the consumer, in writing or in electronic form or other form permitted by the regulations prescribed under section 6804 of this title, that such information may be disclosed to such third party ; ( B ) the consumer is given the opportunity, before the time that such information is initially disclosed, to direct that such information not be disclosed to such third party ; and ( C ) the consumer is given an explanation of how the consumer can exercise that nondisclosure option.",Web,None,Credit reporting or other personal consumer reports — Improper use of your report,2024-01-08T04:35:41.000Z,,8121785
"To whom it XXXX  concern, I am writing to file a complaint against Current Bank for fraudulent transactions and poor customer service. I have been a loyal customer of this bank for many years, but I have recently experienced a serious problem that has caused me financial and emotional distress. 

In XXXX, I noticed several unauthorized transactions on my bank account that totaled over {$4000.00}. I was shocked and alarmed by this discovery, as I had trusted the bank to protect my money. I immediately contacted the bank to report the fraud and request a refund, but I was met with indifference and disrespect. 

The bank did not inform me of any suspicious activities on my account, as they are supposed to do. They also refused to provide me with their phone number, even though I explained that I have a XXXX XXXX and need to speak to a representative. They told me to resolve the issue online, which was very difficult and frustrating for me. 

The bank 's failure to address this issue has left me with the burden of dealing with the fraud on my own. I have lost a significant amount of money and suffered a lot of stress. I feel that the bank has violated my consumer rights and betrayed my trust.",Web,None,Checking or savings account — Managing an account,2024-01-07T15:10:31.000Z,,8119459
"Purchased a Google play gift card from XXXX, {$25.00}. Tried to redeem it and was told to fill out a form. Weird, but I did with the original receipt included. Then they tell me I can't use it due to inconsistencies but won't tell me what. I'm pretty sure it's illegal for a merchant to refuse their own gift card. Afterwards finally I got an email straight up saying the gift card I validly paid for is no longer usable, a merchant can not do that. I've included the original receipt as proof of ownership and purchase. This is the 4th complaint I've had to open because it is not resolved. Google play email is XXXX.",Web,None,Prepaid card — Trouble using the card,2024-01-08T05:42:44.000Z,,8125704
"On XXXX my daughter XXXX XXXX applied for XXXX XXXX loan but she completed the paperwork incorrectly so she redid the paperwork. XXXX  she applied she CANCELLED the loan request because she qualified for money ( grants, work-study, etc. that would not have to be repaid ) so she XXXX  again cancelled the loan request and they money was never used. So somehow XXXX shows we have XXXX loans ; XXXX was cancelled but the XXXX  shows a total of {$6400.00}. I have called XXXX  times and was told a "" supervisor '' would call me but never did. Then they said I was not authorized to speak about the loan so my daughter called and authorized me to be a XXXX XXXX authorized to speak on her behalf. Again, I left numerous messages for a call back. 

The most important thing is that I spoke to the XXXX XXXX XXXX XXXX  company, provided XXXX  XXXX XXXX and they have NO RECORD from EdFinancial that we have XXXX  loans ( which I believe is correct ) so they told me to reach out to XXXX and XXXX which again I did. XXXX told me to tell XXXX that they NEVER submitted info to them that we have a loan. I've applied with XXXX stating that I'm permenantly XXXX and if I have a loan I'd like it forgiven. Again, XXXX won't return my calls and they say my first payment is due XXXX XXXX XXXX which is this week. I REALLY NEED HELP PLEASE",Web,Older American,Student loan — Struggling to repay your loan,2024-01-08T15:25:02.000Z,,8126196
"I was charged two payments of {$8900.00} for my loan repayment in XX/XX/XXXX. My total loan was only for {$8900.00} so I was supposed to be issued a refund. Since XX/XX/XXXXXXXX  it states "" refund '' under EdFinancial account history, yet I have yet to receive a refund. I have attempted multiple calls and emails to EdFinancial trying to get information. They have not responded to any of my attempts and have given me no information. I would like to know in what form my refund will be issued ( check vs returning to my account ) and a timeframe that this will occur.",Web,None,Student loan — Dealing with your lender or servicer,2024-01-08T16:51:20.000Z,,8126695
"I opened up a loan with Giggle and I reached out to them about paying off the loan early which would save me $ XXXXThey had already had a lot of hidden fees, where the loan would cost up to 40 %. I chose to pay off the loan on XX/XX/XXXX which was agreed upon. They had all of the information and the money was ready to be taken that morning. However, they chose to not withdraw the money, and well as not answer any of my correspondence. They typically answer right away. I have heard nothing at all from them, but I suspect that they will resume trying to collect the money from my account. I have chosen to close my accounts with them until they answer and give me the original deal, or they will not get another dime.",Web,None,"Payday loan, title loan, personal loan, or advance loan — Problem with the payoff process at the end of the loan",2024-01-08T10:30:35.000Z,,8128423
"I am currently being sued by AutoVest LLC for an old Auto debt that has reached statues of limitation for sale of goods. I am also being sued in a state where I do not live, and did not sign for debt in. And they also are suing me without notifying me, or sending any documentation supporting their claim.",Web,None,Debt collection — Took or threatened to take negative or legal action,2024-01-08T18:56:08.000Z,,8121999
"At sometime in early XXXX, I received a call from a group called Wakefield and Associates claiming that I owed them money. Confused, I requested a letter be sent to me validating the debts. On XX/XX/XXXX I received XXXX documents from Wakefield and Associates claiming I owed money for XXXX procedures I don't remember receiving on XX/XX/XXXX for XXXX XXXX 

The procedures are a XXXX Exam ( {$990.00} ), a XXXX XXXX XXXX XXXX ( {$180.00} ) and an XXXX XXXX ( {$240.00} ). The letters were dated XX/XX/XXXX and XX/XX/XXXX. I have attached a copy of the XXXX documents below along with the letter that accompanied them. 

I immediately called XXXX, and despite providing all the information presented in these documents, they could not find any outstanding bill for me. I also have no record of these bills ever being sent to me originally, either physically or electronically. Fearing that this debt may be fraudulent or a mistake, I sent a letter to Wakefield, in which I asked for XXXX pieces of information I believe I am owed under the Fair Debt Collection Practices Act. I have enclosed a copy of that letter below, but the relevant information I have asked for was : 1. the amount of the debt ; 2. the name of the creditor to whom the debt is owed ; 3. verification or copy of any judgment ( if applicable ) ; including documentation that verifies that I owe the debt, such as a copy of the original contract. 
4. proof that you are licensed to collect debts in New Jersey ; including the date of the license, license number, and the state agency that issued the license as well. ( The original letter did not contain New Jersey information ) 5. proof of the last payment made on the account in the form of a copy of the last billing statement sent by the original creditor. 

Several days ago, on XX/XX/XXXX, I opened a letter from Wakefield "" responding '' to my request for information. The only information they provided was the original creditor. They gave no proof of items XXXX, XXXX or XXXX. This letter also references a letter sent to me on XX/XX/XXXX, but I have not received any other communication from Wakefield. 

Furthermore, in this time I have once again followed up with the billing departments for XXXX XXXX. They have confirmed on several occasions that they have no record of any outstanding payment that has been sent to collections that correlates with my name, the date, the provider, or the account numbers Wakefield provides. I have thus been completely unable to find even a single scrap of evidence confirming that I owe what Wakefield says I owe, and their refusal to provide me with any additional evidence has me feeling uneasy about the legitimacy of this debt. As such I formally request the CFPB get involved as I feel like I have taken all the steps I am capable of at this time. I also feel the need to mention that I still have a mark against my credit for this debt, despite the ( in my opinion ) complete lack of evidence of its legitimacy.",Web,None,Debt collection — Written notification about debt,2024-01-08T15:07:38.000Z,,8126599
"I was one of many borrowers getting ready to address the payback period of the post covid student loan relief period. During my conversations with my servicer, Edfinancial Services. 

On XX/XX/XXXX, I submitted a general forbearance request online. On XX/XX/XXXX, I called in to check the status of it, since I was told this could take some time. During the XXXX call, the representative I spoke with educated me about the XXXX transition period. During that conversation, it was discussed that I would be wasting my general forbearance time, when the XXXX transition period is available to me, I could leverage that period until XX/XX/XXXX, and then apply for a general forbearance if need be. It was during that call that I made the request to go ahead and cancel my general forbearance request and leverage instead the XXXX transition period, which I did not need to apply for and would be automatically applied to my account. 

The problem came into play when I come to find out XX/XX/XXXX that my account still went into a general forbearance instead of the XXXX transition period that I discussed and verbally spoke to the prior representative I wanted to take advantage of. I called Edfinancial Services on XX/XX/XXXX to inquire what happened. The representative informed me that I was in fact on a general forbearance and that the request to cancel it was still in process. This request to cancel my general forbearance was made XX/XX/XXXX and to date, still has not been processed, 76 days ago... 

During that timeframe, the forbearance request I had submitted online on XX/XX/XXXX, that was supposed to have been canceled so I could take advantage of the XXXX program, was actually approved without my knowledge on XX/XX/XXXX, a total of 74 days. The impact to me are that : - The program I was supposed to be placed on, the XXXX Transition Period, never occurred per the conversation I had with my student loan servicer, something they confirmed would occur ; - The general forbearance I canceled in order to save that time, per my discussion with a rep from my student loan servicer, was in fact not canceled and still approved 40 days later after my call to cancel the request, and as a result, I am wasting general forbearance time that I should not have had to use due to the actions of my servicer.",Web,None,Student loan — Dealing with your lender or servicer,2024-01-08T16:41:39.000Z,,8126764
I had my account restricted for more than 1 month. I am allowed to receive to but not transfer any money. They said that the verification team needed to verify my informations but also claimed than all the informations they have from me are correct and it was just a bug from the system. My account is still on hold and nothing have been done since. I am calling regularly but it seems that no one is paying attention to the problem and I still dont have access to my money on the account. I cant even close my account as I would need to be verified for that.,Web,None,"Money transfer, virtual currency, or money service — Money was not available when promised",2024-01-08T16:14:23.000Z,,8128834
"I am writing to file a formal complaint against EdFinancial, the servicer of my student loans, regarding an issue with the terms of the Student Aid and Fiscal Responsibility Act ( SAVE ) plan, under which my loans are currently enrolled. 

According to the terms of the SAVE plan, enrolled loans are supposed to benefit from a low monthly payment, and importantly, interest does not accrue during the repayment period. However, despite these clear terms, my loan statements from EdFinancial continue to show interest accruing each month. This is in direct violation of the XXXX plan 's stipulations and is impacting my financial situation unfairly. 

I have attempted to resolve this issue directly with EdFinancial but have not received a satisfactory response. Therefore, I am seeking the assistance of the Consumer Financial Protection Bureau in this matter. I was told on XX/XX/XXXX that interest would be waived 'periodically ' but they could not provide any exact time frame. On XX/XX/XXXX, I was told that interest would be waived when my loans are forgiven in 20-25 years- which is not correct based on the SAVE plan. I have been enrolled in the SAVE plan since before payments and interest resumed. 

Please find attached copies of my loan statements and any relevant correspondence with the loan servicer. I would appreciate your prompt attention to this matter and any assistance you can provide in rectifying this situation. 

The screenshots from my conversation on XX/XX/XXXX are labeled 1:3 1 and 1:3 2 and the conversation on XX/XX/XXXX is labeled 1:8 1, 1:8 2, 1:8 3. 

Thank you for your time and consideration. 

Sincerely, XXXX XXXX",Web,None,Student loan — Dealing with your lender or servicer,2024-01-08T19:48:30.000Z,,8122341
"According to the Fair credit Reporting Act 15 USC 1681 section 602 states There is a need to insure the the consumer reporting agencies exercise their grave responsibilities with fairness, impartiality, and a respect for customer rights to privacy. The 3 credit bureaus XXXX, equalifax, XXXX are consumer reporting agencies while i am the consumer. My rights to make sure my private information will not be shared. Under 15 USC 6801. the policy says that Congress that each financial institution has an affirmative and continuing obligation to respect the privacy of me the customer and protect my security and confidentiality of those customers nonpublic information ( furnisher of information to credit agencies is a financial intuition by definition under that title. 15 USC 1681 section 604 section 2. Under this policy transunion, XXXX, experian nor financial institutions do not have my consent verbally, non verbal, or written consent. Any and all consent whether it be verbal, non- verbal, written, nonwritten, implied or otherwise revoked. 15 U.S.C 6802 ( b ) ( c ) states that a financial institution may not disclose non public information to a nonaffiliated third party unless the consumer is given an explanation of a non disclosure option. They have informed me of my right to exercise nondisclosure option. also 15 USC 1681c ( a ) 5 states except as authorized under subsection ( b ) no consumer reporting agency may make any consumer reports containing any of the following items if information any other adverse item information other than records of convictions of crimes with antedates the report by more than seven years. This account is an adverse item they are reporting again without my permission which is against the law. 15 U.S Code 1681 s-2 ( A ) ( 1 ) a person shall not furnisher any information. relating to a consumer. 15 U. S Code 1681states that every consumer reporting agency shall maintain reasonable procedures designed to avoid violations of 1681c. also CFR 1016.7 a consumer has the right to opt out at any time. I am opting out of your reporting services",Web,None,Credit reporting or other personal consumer reports — Improper use of your report,2024-01-08T20:11:31.000Z,,8122807
"In XXXX XXXXXXXX, as student loan payments were to resume, I created an account with EdFinancial - my newly designated student loan servicer. I enrolled in AutoPay through the EdFinancial login providing my checking account information. In my checking account, I see withdrawals for the designated amount in XXXX, XXXX, and XXXX of XXXX. However, logging into my EdFinancial account I do not see these payments being attributed to my loan account. On XX/XX/XXXX I contacted EdFinancial customer support via chat to hopefully resolve this issue. After confirming my identifying information and identifying the issue, the agent 's response was to submit a request to have this issue researched. The agent also requested I submit proof of the transactions in the "" Inbox '' of my EdFinancial account. The agent was unable to provide a reference or ID number for this request. The agent was unable to provide a copy of the chat transcript or reference/ID number. The agent was unable to provide identifying name or title for an escalation point. The agent did confirm that delinquency would be reported to the major credit bureaus when the account became 90 days delinquent, and that the account was 16 days from the 90 day point. 

In questioning how my XX/XX/XXXX loan payment should be handled, the agent suggested I enroll in XXXX for a XXXX rate reduction ( I am already enrolled ). This makes me question if the rate being charged to my loan reflects the rate of being enrolled. 

I am beyond frustrated. If I wasn't paying, they would be bothering me to no end to get their money. They have my money and it is all fine and dandy to just not credit the account, not apply the correct interest rate, and not accurately report to the credit bureaus. This should NOT be acceptable and there should be recourse.",Web,None,Student loan — Dealing with your lender or servicer,2024-01-08T20:33:13.000Z,,8122697
"On XX/XX/2023 I submitted an application studentaid.gov for the SAVE loan consolidation & also for an IDR plan. Both have been in processing since. The financial loan servicer is EdFinancial and when I call their customer service, I get different answers each time. Some cant find any evidence of my loan others say I have to wait XXXX business days, which is now long past. I can get no traction on this from studentaid.gov because they sent the loan to the servicer & I cant get any traction from Edfinancial as no one there has or can give me an answer as to when my application will be accepted & done. It seems like there is no one anywhere that knows whats going on with my application. This is all very frustrating to say the least.",Web,None,Student loan — Dealing with your lender or servicer,2024-01-08T20:05:17.000Z,,8122417
"I received a call from 'Wakefield & Associates XXXX, phone number : XXXX The message stated I had an outstanding balance with my local hospital. I have them no information, and upon contact with my local hospital, I had no outstanding balance. 

This is obviously a scam of some kind. 

XXXX XXXX XXXX",Web,None,Debt collection — False statements or representation,2024-01-08T21:52:11.000Z,,8123289
"I paid a partner in 2 separate transactions a total of {$22000.00}. I did not realize his phone was hacked and that I was paying a bad actor who knew the partner ( and who has since gone AWOL ). The bad actor 's business was located in the XXXX, was dissolved in XX/XX/2023, but for some reason Wise did not do their continjed due dilgence and allowed them to continue operating their business account despite the dissolution. In any event, in 2 transactons ( XXXX and XXXX USD, transaction IDs XXXX and XXXX ), the threat actor was able to acquire this significant sum of money. 

Here 's where things get ridiculous : Wise responded to my investigation ( unwilling to help ), ADMITS the money is still in the threat actor 's account and hasn't been cashed out, and is STILL refusing to refund the money. So the winner in this case? Wise! By {$22000.00}. Money I worked for and my team worked their XXXX off for. 

Giiven this business is XXXX based, I filed appropriate police reports in the XXXX ( Action Fraud and Financial Ombudsman ), and I am doing so with DFS right now and likely CFPB because this money is extremely important. I need everyone to do what they can to force Wise to refund their money ( please don't just stand by because I told you I've asked other entities to step in. I'm asking because I'm getting nowhere. Each of you can surely play your part ). 

I am also concerned for Wise 's well-being. If this guy withdraws the money and Wise 's hand is forced, they'll lose that $ XXXX they're basically holding hostage anyway. The only person who deserves that money right now is me, so that I can find another way to get it to my partner. Why would Wise put themselves at risk and wait for the threat actor to potentially withdraw the money? 

I noticed that XXXX has a compensation policy that allows refunds for this kind of fraud, but the XXXX is falling far behind ( though there's progress on the XXXX side ; now please do that with the Wise side ). Being in a jurisdiction other than XXXX absolves Wise from a moral/ethical responsibility but enables them to steal my money. Great. 

Wise 's position of "" no refund '' is abhorrent, especially given my relationship with these partners. This is literally the food they put on their table and will keep them in poverty. 

I'm sorry, Wise is a billion+ dollar business and doing the right thing ( giving me back my {$22000.00} ) would save these families - my partner has a team he needs to pay. I will continue to pursue in every avenue I realistically can as a XXXX person at her computer until Wise does the right thing, rather than say "" well you screwed up, too bad. ''",Web,None,"Money transfer, virtual currency, or money service — Fraud or scam",2024-01-08T19:40:32.000Z,,8122235
"I called Ascend loans on Thursday, XX/XX/ since I never received the deposit for {$900.00} for a loan that I was approved for. After several phone calls to Ascend as well as my bank Ascend was advised by my bank to send them a RO8 form because they deposited the money into someone else 's account. The agent stated he spoke with his "" higher ups '' and they would receive the form that day. The Ascend agent also stated that I would be receiving an email from them confirming this. However, as of this moment I never receive neither the funds nor the email. 

I called Ascend a few moments ago and escalated the call to a supervisor named XXXX. XXXX told me that the previous agent was incorrect that they do not send any forms to anyone, that Ascend didn't not have to follow any state or federal laws and I have to wait until Wed and if the bank doesn't send back the funds they would do another 3-way call with the bank.",Web,None,"Payday loan, title loan, personal loan, or advance loan — Getting the loan",2024-01-08T19:08:46.000Z,,8122048
"Someone impersonated me and a loan was taken in my name via https : //www.dignifi.com/ in XXXX. I only found out about it when they called me for payment in end of XXXX. For the next few weeks, I got the run around from them, kept saying that their fraudulent department would get back to me, that there was no direct line for me to talk to. At every call, I requested they send me a copy or proof of the documentation that was taken in my name for the loan. They wouldn't. At the last call, after a lot of talking, they told me I could email their fraud department a copy of my DL and Social Security card and that they would then look into the fraud claim. I told them I did not feel comfortable emailing them that information, since it wasn't secure. They said then there was nothing they could do for me. That is when I filed a dispute via XXXX, which they denied and is why I'm now filling a complaint. I've also frozen my credit and am monitoring any future acclivities to hopefully not have this happen again. They didn't verify the personal address when issuing the loan since the person used my office address ( I'm a dentist, so this is public information ). The office address is not listed any where on my personal credit history so if they had run the credit, it would've been obvious something didn't smell right. Any help from your end would be greatly appreciated. Thank you in advance.",Web,None,Vehicle loan or lease — Managing the loan or lease,2024-01-08T21:06:00.000Z,,8122835
"The debt is time-barred ie more than four and a half years old and it is past the statute of limitations as per Texas law XXXX The creditor Oliphant USA purchased it and hired XXXX XXXX XXXX for collection. XXXX XXXX XXXX is intimidating and threatening about lawsuits when called about the debt. Most of the time they do not answer the call or reply to the email. It is very hard to connect to the account manager of the file. The account manager keeps on changing the statement. At first they said they have not file lawsuit and will send payment agreement by XXXX after I agreed on payment plan but when called on XXXX  they are saying they have sent it for litigation and need to wait for court documents and not sure when they will receive it. I wanted to settle the debt but they do not want to co-operate with me. They do not like the fact that we contact them and do not give any information about the litigation filed by them. Both Oliphant USA and XXXX XXXX XXXX need to be investigated and penalized for unlawful and unfair debt collection practices, intimidation, and exploitation of consumers.",Web,None,Debt collection — Took or threatened to take negative or legal action,2024-01-09T01:46:13.000Z,,8128029
"Allegation of medical debt put on credit report once I contacted the actual company about finishing the procedure. No notice was ever provided before placing on my credit report. 

Once I reported them here ( capital Accounts ) they sent a list of chargea that was supposed to be from XXXX XXXX  ... but never provided anything about notifying me about payment or missed payments. 

They responded that they would remove the item. However XXXX refuses to remove it, depite evidence I submitted. They claim Capital Accounts assures them it is valid.",Web,Servicemember,Debt collection — False statements or representation,2024-01-09T04:56:29.000Z,,8127727
"I will start off I have never even heard of Wakefield and Associates and have never received any information about this company. I got the information about them from my credit report. On XX/XX/XXXX I sent by XXXX Mail a verification/validation of Debt to Wakefield and Associates about an alleged medical debt they just sent to my credit report with no information to me over anything. Wrong information is on that alleged medical debt I viewed on my credit report, and I wanted to verify and validate that all information was legally correct. They failed to respond to my request which is a violation of the Fair Debt Collections Act ( FDCPA ) Section 809 Subsection A as it's now an entirely new year ( XXXX ) with no information still. I also requested a copy per HIPAA of my signature to disclose my personal medical information with a XXXX party. All of which was ignored by Wakefield and Associates. I have disputed this ding on my credit report as incorrect and obtained fraudulently through XXXX for them to respond with "" Account information disputed by consumer, meets FCRA requirements '' which is false because they haven't even responded over months of trying to verify/validate this alleged collection. They are doing this illegally, and I want it removed from my credit report as they violated the FDCPA regulations by just ignoring me while I wait for nothing, and they keep dinging my credit report by saying "" missed payment '' when I've never even heard of Wakefield and Associates until I sent that certified mail of verification of debt! They are supposed to stop posting on my credit report until I am able to verify the alleged debt, and they have just been posting and posting without following the FDCPA guidelines.",Web,None,Debt collection — Written notification about debt,2024-01-09T01:32:57.000Z,,8124876
"This letter is to inform you that I recently received a copy of my credit report that your company publishes and after reviewing it I found an item on the report that was inaccurate. The account in question is listed below. Please send me copies of the documents that vou have in vour files as of this date that you used to verify the accuracy of the accounts listed below. Under the Fair Credit Reporting Act, 15 U.S.C. 1681g I have the right to demand that you disclose to me all of the documents that you have recorded and retained in your file at the time of this request concerning the account that you are reporting in my credit report. Please don't respond to my request by saying that this account have been verified. Send me copies of the documents that you have in your files that were used to verify it. If you do not have any documentation in your files to verify the accuracy of the disputed account then please delete it immediately as required under Section 611 ( a ) ( 5 ) ( A ) ( ). By publishing this inaccurate and unverified item on my credit report and distributing it to 3rd parties you are damaging my reputation and credit worthiness Under the FCRA 15 U.S.C. 16811, all unverified accounts must be promptly deleted Therefore, if you are unable to provide me with a copy of the verifiable proof that you have on file for each of the accounts listed below within 30 days of receipt of this letter then you must remove these accounts from my credit report. Please provide me with a copy of an updated and corrected credit report showing this item removed. I demand the following account be properly verified or removed immediately",Web,None,Debt collection — Written notification about debt,2024-01-09T03:37:48.000Z,,8125150
Google has money takin out without any explanation of why I need it to stop Im contacting my bank tomorrow,Web,None,Checking or savings account — Problem with a lender or other company charging your account,2024-01-09T07:42:17.000Z,,8135398
"XXXX XXXX sold my loan to SST, effective XX/XX/XXXX. I was communicated to not process a payment as of XX/XX/XXXX while they migrate our data from XXXX to sst. 

I made roughly half my XXXX payment, totalling {$220.00} to XXXX on XX/XX/XXXX. I paid the remaining XXXX payment ( {$210.00} ) directly to sst XX/XX/XXXX. That full amount of {$430.00} was due XX/XX/XXXX, therefore it was all paid early. 

Starting XXXX I noticed it showing the {$220.00} ( paid to XXXX ) as late/unpaid. I spoke to a rep, XXXX on XX/XX/XXXX & XX/XX/XXXX, both times being told everything was fixed, she could see the XX/XX/XXXX payment pending. 

I called again XX/XX/XXXX after continuing to get calls, texts, and emails about my erroneously-labeled "" late payment '', told that it was being worked on, but they needed proof of the payment ( even though I was told previously they could see it ). I emailed the proof while still on that call. I was told late communications would be on hold for 5 days. 

Today I am continuing to get emails, texts, and calls about this error on their part, as if I am owing funds to them ... now their communications are mo longer even documenting the {$210.00} that i paid DIRECTLY TO THEM. I called again and was refused the ability to escalate. I was told this wouldn't hurt my credit ( which how can i believe that? ), and that i should not make any payments until this is fixed. 

This is unacceptable processing protocols, is a misuse of power by these servicers, and causing extreme undue stress on me and my family. I've reported to XXXX, no help yet. I need help fixing this and holding this organization accountable. I didnt chose this servicer, I never had a single issue while with XXXX XXXX XXXX",Web,None,"Payday loan, title loan, personal loan, or advance loan — Problem when making payments",2024-01-09T15:09:43.000Z,,8135947
"On XX/XX/2023 I FILED CFPB COMPLAINT AGAINST XXXX  ON XXXX XXXX AND XXXX XXXX XXXX AND CITED In XX/XX/2023 I called Ed Financial Services ( A collection company ) requesting validation of the alleged debt on my credit report by producing the original contract with a wet ink signature. Additionally I sent letters to XXXX, XXXX, and XXXX requesting validation of the alleged debt. In response, Ed Financial Services sent a letter dated XX/XX/2023, wherein they confirmed an outstanding balance, however they have failed to validate the debt by producing proof of the original contract with wet ink signature. The credit reporting agencies mentioned notified me the debt was "" verified '' but failed to outline investigation procedures as requested or produce proof of the original contract. XX/XX/2023 I mailed XXXX, XXXX, and XXXX demanding the unverified items be removed from my credit report immediately. They have yet to do so and claim Ed Financial has continued to verify the debt. Additionally, I am still receiving mailed statements from Ed Financial services despite the fact that I have yet to be sent proof of the original contract for this alleged debt. This company is in direct violation of 15 U.S.C. 1692 ( c ), U.S.C 1692 f ( 1 ), AND U.S.C. 1692 ( g ).",Web,None,Credit reporting or other personal consumer reports — Problem with a company's investigation into an existing problem,2024-01-09T15:22:20.000Z,,8136084
"XXXX is obligated by FCRA to report accurate accounting consumer has advised ALL the inqueries reported was fraud said companyhad 4 days accoeding to LAW to remove such items. FTC fraud report was filed on behalf of consumer, consumer is now requesting XXXX has 15 days to provide me with the name of the person ( s ) spoken to, documentation used, signed application with consumer wett ink signature. Consumer is NOTasking for an XXXX XXXX REPORT. If XXXX does not have documentationto show these were in fact authorized it must but be removed and deleted ASAP. XXXX company is liable under SEC to follow certain rules. XXXX XXXX File number XXXX XXXX XXXX XXXX XXXX XXXX XXXX XXXX XXXX XXXX XXXX XXXX XXXXXXXX XXXX Securities XXXX XXXX XXXX XXXX XXXX XXXX XXXX XXXX XXXX XXXX XXXX XXXX XXXX XXXXXXXX XXXX XXXX XXXX XXXX XXXX XXXX XXXX XXXX XXXX XXXX XXXX XXXX 
I will be filling out Treasury  Form XXXX and IRS form XXXX XXXX forms to audit consumers account. 
XXXX is Securitizing consumers data, but yet refuse to provide consumer a copy of their CONSUMER FILE, not CONSUMER REPORT. 


EXHIBIT 32.2 CERTIFICATION PURSUANT TO 18 U. S. C. SECTION 1350, AS ADOPTED PURSUANT TO SECTION 906 OF THE SARBANES-OXLEY ACT OF 2002 In connection with the Quarterly Report XXXX XXXX XXXX XXXX XXXX Company ) on Form XXXX for the period ended XX/XX/XXXX, as filed with the Securities and Exchange Commission on the date hereof ( the Report ), I, XXXX XXXX XXXX, XXXX XXXX XXXX XXXX XXXX of the Company, certify, pursuant to 18 U.S.C. Section 1350, as adopted pursuant to Section 906 of the Sarbanes-Oxley Act of 2002, that to my knowledge : ( 1 ) The Report fully complies with the requirements of Section 13 ( a ) or 15 ( d ) of the Securities Exchange Act of 1934 ; and ( 2 ) The information contained in the Report fairly presents, in all material respects, the financial condition and results of operations of the Company. 
Date : XX/XX/XXXX XXXX XXXX XXXX XXXX XXXX XXXX. 
XXXX XXXX XXXX, XXXX. 
XXXX Vice XXXX, Chief XXXX Of XXXX and Chief Operations",Web,None,Credit reporting or other personal consumer reports — Improper use of your report,2024-01-09T18:13:42.000Z,,8129859
I have contacted the original hospital XXXX XXXX and my insurance company for verification or validation since neither company is following due process and XXXX XXXX has reported that I have a {$0.00} balance due for time of service and my insurance company XXXX has stated that they have a contractual agreement with the original debtor for payment of {$170.00} which was paid by insurance thus leaving no balance owed. A debt in the amount of {$800.00} was placed on my credit by Wakefield and Associates who refused to remove the debt from my XXXX due to non payment by the debtor Qualified Emergency XXXX to them when no debt is valid on my part. They are in violation of my rights as a consumer and could face legal action if debt is not removed immediately.,Web,None,Debt collection — Attempts to collect debt not owed,2024-01-09T18:41:33.000Z,,8132525
"I made lump repayment ( {$10000.00} ) to my student loans during the pandemic. The government announced that any payments made during that time could be refunded by loan servicers. My husband is unemployed and our financial situation has drastically changed. I have made multiple requests to EdFinancial for a refund. I sent several emails through their website and chat feature. I have spent 3.5 hours on hold waiting to check the status of this with representatives. I have reached back out over chat multiple times. Everyone I have spoken to recently has said that they see the "" first request '' as being made in XX/XX/2023, with the cutoff being in XXXX. This was not my first request. I am requesting this refund so that I am able to change over to the SAVE program and begin making regular payments. This is not something I'm financially equipped to do without this refund. There were multiple times throughout the forgiveness period when I called and was given a message that they were overloaded and that I would be called back, but this call never came. There were also multiple emails sent where I received no follow-up or email confirmation. It's impossible for me to know if this was due to their negligence or a technical issue with their system constantly being overloaded. At this point, it feels as though they are purposefully refusing to issue this refund in order to benefit from additional funds from me which I simply do not have. It is imperative that I'm issued the refund which I have every right to in order to get financially on track and participate in the SAVE initiative.",Web,None,Student loan — Dealing with your lender or servicer,2024-01-09T16:03:12.000Z,,8136311
"The payoff design for the website makes it so that overpayment is way too easy to do. I clicked pay off amount, they gave me no feedback that the button was pushed. I pressed it again, and then I got an email. I overpaid the loan amount by {$3200.00} on XXXX XXXX, and they are currently holding that money hostage. They say that I will receive a check within 30-45 days, but there are multiple reports that months goes by without any response from the company. They sometimes respond to others stating that, "" A check has been issued on XXXX or XXXX '', but the person is waiting for an additional month to two months before saying they never received it. I am currently waiting on day # 32 after overpayment. I have sent them two messages on their website and those got 0 response. I got on a chat window with them and they replied that I will get a paper check. It's my current belief that they are harboring overpayment and holding it hostage from many borrowers and using this money to gain interest. Banks have to reissue overpayment on credit cards within 7 business days. Why is this company holding money for months on end?",Web,None,"Payday loan, title loan, personal loan, or advance loan — Problem when making payments",2024-01-09T19:05:39.000Z,,8129773
"XXXX called on XX/XX/2024 at XXXX, asking for XXXX XXXX XXXX me ). Spoofed as my current bank asking for last XXXX SSN. They had my information. They have been calling my house phone nonstop asking for me. Picked up today, spoofed as my bank and afraid they stole my identity.",Web,None,Debt collection — Communication tactics,2024-01-09T20:57:53.000Z,,8130952
"I keep receiving text messages and phone calls from a number that I googled and it states it belongs to a company called Wakefield and associates. The phone number is XXXX. Apparently this company is a debt collector, but I have not received anything in the mail from them in the form of a debt validation letter or anything in writing stating that theres a debt I owe to them. They leave voicemails when they call, but their voicemails are only a electronic recording, and never say anything about the reason for calling. I am afraid to reach out to them because Im afraid it might be a scam because I have nothing in writing stating I owe a debt.",Web,None,Debt collection — Electronic communications,2024-01-09T20:03:43.000Z,,8130447
"I applied for the SAVE Plan and received a letter that I was approved and that my new monthly payment amount was {$0.00} for 12 months from my loan servicer, EdFinancial, on XX/XX/XXXX ( see attached ). However, on XX/XX/XXXX, I called EdFinancial about another, unrelated issue and was informed that they considered my monthly payment amount to be {$130.00}. I looked at my account history since the start-date of the SAVE Plan ( XX/XX/XXXX ) and noticed that EdFinancial had been charging interest as if my monthly payment amount were {$130.00}, not {$0.00}.",Web,None,Student loan — Dealing with your lender or servicer,2024-01-09T19:29:27.000Z,,8130316
"The apartment complex aloud us to break our lease, because we had XXXX incidents with our neighbors, and they were throwing XXXX  XXXX at our door, as well as leaving nasty notes.But we would have to pay it if no one moves in. They sent me a letter in the mail saying I owed them money. It was a huge amount and I was thrown off. One of our neighbors we still had communication with said someone moved into our unit a week after we left. So I drove XXXX hours to the state the complex was in. We went by our old apartment, and there was a lady living there. She was kind enough to answer our questions. She had already signed her lease to move in the apartment we were in before we even left. The apartment was notified a month before we were supposed to move. So they had someone ready to move in, and still wanted us to pay. The manager at that time was no help. I have tried to dispute this many of times. But nothing has been done.",Web,None,Credit reporting or other personal consumer reports — Incorrect information on your report,2024-01-10T02:25:41.000Z,,8133151
"I got a call on XX/XX/XXXX from a company claiming to be a company that could help with my student loan forgiveness. They had my address, email, SSN as well as the balance of my loans. They also had access to me XXXX ID and was able to change it using my email address. I was told them could forgive over {$250000.00} of my student loans but I would have to pay {$360.00} for 6 months and then {$69.00} for 240 months but after that my loans would be forgiven. At first they seemed legit but I applied for student loan forgiveness and never got a response. 

I got concerned because I was asked if I had the call on the speaker phone and if anyone was in the room with me. I then asked the person I was on the phone with if they had me on speaker phone and they chuckled and said no. I then could hear my voice echoing and I could hear people in the background. 

I spoke with two individuals, one by the name of XXXX and the other person was her supervisor. They both had heavy accents and spoke in a bit of broken English. The number they called from was XXXX and they sent emails to my email account from this address : XXXX I ended up hanging up because the 2nd person laughed a little bit too much and did not address my concerns about repeating my SSN outloud as well as other information. They did not call back and the documents they were supposed to send me have not arrived in my email and they claimed they were from the Department of Education. I don't think this was legitimate but I would like to know what happened to my actual paperwork that I filed in XX/XX/XXXX for loan forgiveness.",Web,None,Student loan — Struggling to repay your loan,2024-01-09T23:51:08.000Z,,8131831
"Valley empire collections in XXXX XXXX, WA has inaccurately reported collection accounts as well as amounts to XXXX on multiple occasions after notification from me that I don't believe I am the owner of said accounts and the account that I do own had been duplicated and split into separated accounts. I requested proof of original debt XXXX  years ago and was sent a spreadsheet printout from collection agency with my name listed and account numbers typed with amounts next to them .....",Web,None,Debt collection — False statements or representation,2024-01-10T00:51:56.000Z,,8132401
"Purchased a {$100.00} gift card from InComm Financial Services ( Vanilla Gift card ) in order to use with a specific vendor to purchase items for my XXXX XXXX. I have made purchases with these gift cards 3 times before with the same vendor with no problem.

When this current gift card would not work, I tried getting help from the InComm Financial Services for this card. The first help line person could tell me nothing and continued to read "" canned '' responses. I asked to speak with a supervisor. She did the same. After I asked her to stop reading and to look at my card to see why it was not being accepted, she finally stated that she could not see why. I asked to speak with someone above her to try to find out why the card would not work.

She told me that there was no one to speak with regarding my problem.

I have also spoken with the vendor. They state that the problem is that the gift card does not show up as valid EVEN though the gift card online data shows AND the help desk people with InComm Financial Services state that I have {$100.00} on the card which is enough funds to make the purchase.

When I asked how I can get my funds back so that I can find a way to purchase the specific items from the specific vendor that I need, I was told that there was not a way to do that since I had already told the help desk that the card and packaging looked okay.",Web,None,Prepaid card — Trouble using the card,2024-01-09T20:52:20.000Z,,8130939
"Company is reporting debt to my consumer report but have not provided any evidence of their authority to do so including proof of claim ; the bookkeeping for alleged debt including all payments made and interest ; original contract bearing my signature, and ; proof of debt ownership.",Web,None,Debt collection — Written notification about debt,2024-01-09T22:27:20.000Z,,8131386
"I was victim of identity theft back in XXXX. I file reports online and with the police department. At the time I only dealt with credit report from XXXX. After investigation accounts were taken off credit report. I wasnt thinking I had to dispute with all reporting agencies. After requesting credit report from XXXX, some of the accounts were still on XXXX, so I went and got a copy of the police report and sent it to XXXX XXXX to dispute accounts. Matter was investigated, and items were taken off my credit report from XXXX. Dignifi reported account again, and item was reinstated on my credit report. Ive lived in the same residence since XXXX. Ive had my same phone number since XXXX. I have money and I dont need to request a loan for anything. Dignifi cant produce contract I signed or linked with any address, phone number, or anything Ive been associated with.",Web,None,Debt collection — Attempts to collect debt not owed,2024-01-10T01:09:56.000Z,,8132632
"Wakefield and Associates Issued XXXX collections on my credit report last year, then they were taken off and now they were reissured from my understanding if the debts are removed from my credit reporting they can not be reissued. Company took them off and put them back on again.",Web,None,Debt collection — Attempts to collect debt not owed,2024-01-10T20:46:45.000Z,,8138140
"In XX/XX/XXXX requested to begin auto pay as student loans, resumed, checked in a month later, when I didnt see the auto debit from my checking account ; payments were listed as overdue with no record of my auto pay request or information as to why auto pay was not started. Requested again, and was given a new auto pay start date in XXXX. The same situation followed a month later, and now I am supposedly going to have an auto debit taken on XX/XX/XXXX, with no confidence it will be taken. I requested helpful company more than once and havent received any useful assistance other than excuses. I feel as though they are intentionally not using the auto pay option in order to charge late fees. In addition to not getting the auto paid debited there is no reminder email or any other way of informing me that the loan is due so it feels like intentional negligence on their behalf to charge additional service fees, as I have been a good borrower and stay on top of my loan payments as soon as they resumed. I have spoken to XXXX with the same servicer and have heard that many people are having the same experience and decided to lodge a formal complaint",Web,None,Student loan — Dealing with your lender or servicer,2024-01-10T15:04:43.000Z,,8139908
I requested that Wakefield and Associates send me debt verification for a bill charged from XXXX XXXX XXXX of SC. They refused to validate my debt within 30 days. The amount due is stated as {$1500.00}.,Web,None,Debt collection — Written notification about debt,2024-01-10T17:14:11.000Z,,8136803
Hello my name is XXXX XXXX I had my identity stolen and hackers got into my stock account and bank account. Ive got it all cleared up with the bank and I got my money back! But Robinhood whose holding my stocks havent responded and thats where all my money was! Ive sent hundreds of emails. Filed a police report. And even got a lawyer now and nothing yet. Can I please get help from someone! Ive complained to the SEC as well,Web,None,"Money transfer, virtual currency, or money service — Fraud or scam",2024-01-10T16:12:13.000Z,,8140234
"Prior to the updating of EdFinancial 's systems, I was able to view all pertinent account and payment history on their website, including the ability to print a document showing my full name, account number, payment amounts, dates, and the loans being paid. 

After they updated their system, not only did my account number change which caused issues in itself, but their new website lacks basic financial auditing capabilities allowing me to print a detailed payment summary to use for loan reimbursements and payment tracking. It is not user-friendly for viewing past payments, AND I can not even view my payments made prior to the system update in XXXX  2023, instead they require me to request documentation from them. Despite this, in the "" Help '' section of the website ( attached ), it says "" Go to Account History to view complete payment history '' when in fact, you can not view your complete payment history ( thus being a false statement ). Immediately below is a note that says payments before the migration can not be viewed online. 

When requesting said documentation, their processing times are extended well over a month ( 37 business days ), even for somewhat simple document retrieval that should be able to be done by the borrower on the website. This is unacceptable for a financial institution, even more so when payments are due every 30 calendar days.",Web,None,Student loan — Dealing with your lender or servicer,2024-01-10T16:40:27.000Z,,8140487
"DO NOT ALTER ANY LETTER OR WORDS IN THIS COMPLAINT, LIKE WHAT HAS BEEN DONE IN PREVIOUS COMPLAINTS. Which I have screenshots to prove it. 


This is the 2nd complaint and last one EVERYONE want to continue to thwart justice and law. So they can continue to create securities for profit and keep all the profits. And disregard the FCRA and EVERYONE who has put in a joint effort. 
To deceive and ignore the law. I will be filling a complaint for FRAUD with the security exchange commission. 

As I previous stated in my previous complaint. XXXX it has been improper use of my credit report. They have blocked my IP address from communicating with them. As well as my telephone number Credit Karma who I will be filing a complaint with SEC against them as well. Because they have blocked all communication with them as well. The company investigation was handled with pure prejudice and retaliation simply because I NOW know my rights. 

And they wish to play legalese games and if I dont give them every code. They chose to ignore me send me touting message such as NA/Na/Na. They have obtained and used my information for the purposes of PROFIT that is against the law. 

The ONLY way we can settle this is them restore my credit score to XXXX and remove EVERYTHING I requested in the last complaint. Anything they removed I do not want to see a ( + ) or a ( - ) next to alleged debt ONLY paid in full. 

EVERY and I mean EVERYTHING they had my credit report the last time I was allowed on their website before they blocked me was provided without my written authorization. 



The 1st Complaint Was closed. XX/XX/2023 TO WHOM IT MAY CONCERN, ( CREDIT AGENCIES ) I have repeatedly ask if you'll would remove ALL those negative remarks as well of the accounts. I do not owe off my credit report. After repeatedly asking you'll to remove those reporting off my BENEFICARY ) credit. because there is and has been information that is on my ( BENEFICARY ) consumer report that is a result of identity theft. I did not provide permission to be reported starting back when I ( beneficiary ) was XXXX old to this day nor has I ever given permission to ANY/NO CREDIT REPORTING AGENCY permission or instruction verbal nor in writing for the identified transaction to be reported on my ( BENEFICIARY ) CONSUMER REPORT. No one never told me ( BENEFICIARY ), I could opt-out because I have right to privacy. I am also requesting this information that is due to identity theft be block within 4 days being made on the basis of material misrepresentation of fact by me ( BENEFICIARY ) relevant to the request to block the identified transaction. The identified transaction ( s ) are not information related to my transaction by me ( BENEFICIARY ) AS THE CONSUMER. And the law says section 18 U.S. Code 1681.c.-2- 18 U.S. C1028 ( d ) ( 3 ) 15-UC 16 81-C2 FCRA SSA -89 Form I appreciate you'll handling this matter in the time stated. Respectfully, XXXX : XXXX , BENEFICARY UCC 1-30 WiITHOUT PREJUDICE I RESERVE ALL MY RIGHTS I DO NOT CONSENT TO ANY HIDDEN OR REVISED CONTRACT ( S ) OR COMERICAL AGREEMENT.",Web,None,Credit reporting or other personal consumer reports — Improper use of your report,2024-01-10T18:34:35.000Z,,8137144
"On XXXX and XXXX, I originally opened a complaint against XXXX and XXXX for privacy violations ( for reference : XXXX and XXXX, XXXX ). It is now apparent that there is a more extensive network of deceptive practices and I have supplied adequate proof to support these claims. I am writing to raise serious concerns about violations of consumer protection laws by XXXX, XXXX XXXX, and XXXX XXXX XXXX, related to my personal loan obtained in XXXX XXXX 
Letters received from XXXX state mis-conceived notions that the original loan was a result of fraud, this is not what was claimed. The original claim was about the sharing/sale of my personal information to a non affiliated third party without my consent, and it has not been addressed. TO BE CLEAR, I hold XXXX and XXXX liable for the mishandling of my personal data during the alleged sale of debt to XXXXXXXX XXXX XXXX  and its affiliates. This is about my rights being disregarded and my financial well-being thrown into disarray by seemingly predatory practices and carelessness. 
To recap, my experience with this loan began making regular payments until XXXX XXXX when unforeseen circumstances made it difficult to continue.Afterwards, my credit information was allegedly shared/sold to Accelerated Inventory Management LLC an affiliate of XXXX XXXX XXXX XXXX XXXX known as AIM ) without my consent and without verifying the debt 's accuracy. This felt like a betrayal of trust, a violation of the Fair Credit Reporting Act and the Maryland Consumer Credit Reporting Agencies Act. AIM then employed tactics that bordered on harassment and deception. They opened a lawsuit, produced redacted/doctored documents, and a refusal to correctly validate the alleged debt became their modus operandi. 
AIM even went as far as using my full Social Security Number to obtain a SCRA ( Service Members Civil Relief Act ) document without my knowledge. This constitutes blatant disregard for the Fair Debt Collection Practices Act and/or criminal intent. The lawsuit was eventually voluntarily dismissed in court by AIM and with me present, which further constitutes the level of harassment that had taken place throughout the entire ordeal. 
The debt was written off in XXXX, yet collection attempts continued via third party and inaccurate information remained on my consumer report, further damaging my financial standing. This, coupled with the lack of a 1099-C form for the written-off debt ( which is a violation of the IRC ), left me concerned about potential tax implications. 
XXXX XXXX privacy policy promises security and responsible data sharing. However, the sharing of my information with other including AIM via XXXX XXXX XXXX without explicit consent for an alleged debt collection raises very serious concerns about privacy violations. When requested, the alleged Bill of Sale was absent of my name, account number, or any other identifying information. To add, my consumer report has an inquiry from XXXX which appeared WITHOUT MY CONSENT in XXXX XXXX. Whether they claimed to have sold the actual debt is highly questionable, but evidence shows they did sell my PERSONAL INFORMATION. I am unaware of the extent of the sharing of my personal information without my consent or how it will affect me in the future, I constantly think about any unforeseen damages. This, to me, is not just a technicality ; it's a fundamental breach of trust and a violation of Federal and Maryland privacy laws. 
Throughout this ordeal, I felt constantly dismissed and unheard. My requests for clarification and resolution were met with silence or empty promises. This negligence, I believe, inflicted further harm, both emotional and financial. XXXX alleges no wrongdoing, but the attached evidence will prove otherwise. Both are 100 % liable for the mishandling of my personal information to a non-affiliated third party ( without my consent ), in which that third party employed harassment tactics for much of the XXXX calendar year causing distress, humiliation, and other damages. 
XXXX sent letters and responses proclaiming a narrative of innocence that was far from accurate. Federal statutes penalize making false statements to government agencies, including 18 U.S.C. 1001, which prohibits knowingly and willingly making false statements in any matter within the jurisdiction of the U.S. government. 
Here are the facts ; XXXX had no right to sell my personal information ( this includes my SSN and other personal info ) without my consent to a non-affiliated third party ( I challenge them to produce any document that I signed that says otherwise ), XXXX/AIM used that information to exploit & harass for an alleged sold debt in the sum of {$10000.00} ( which was never validated in a bill of sale they obtained from XXXX ). I am not willing to be a victim of these violations. Again, I am demanding a thorough investigation and appropriate action against XXXX, XXXX XXXX, and XXXX XXXX XXXX. I deserve : A declaration that their actions violated the law Injunctive relief to prevent further violations Issuance of a 1099-C form for the written-off debt Compensation for damages, including emotional distress, credit damage, and tax-related costs Statutory damages under the FCRA and FDCPA Punitive damages for willful noncompliance Attorney 's fees and costs I have attached documented evidence, including the IRS audit letter, original communication with XXXX, court paperwork, their privacy policies, and my certified mail request for the 1099-C which was blatantly disregarded. These documents serve as tangible proof of the alleged violations and the immense hardship I have faced. 
This is not just about me ; it's about upholding consumer protection laws and ensuring that others don't fall prey to similar tactics. I urge you to take my complaint seriously and act swiftly to rectify these injustices. 
SUMMARY of ALLEGATIONS : Unauthorized Sharing of Credit Information : XXXX and XXXX shared my credit information with XXXX XXXX XXXX and affiliates without my consent and without verifying the accuracy of the debt, violating the Fair Credit Reporting Act ( FCRA ) and the Maryland Consumer Credit Reporting Agencies Act ( XXXX ). 
Unfair Debt Collection Practices : AIM engaged in unfair and deceptive debt collection practices, including threats to sue, sending doctored documents, and failing to validate the debt, violating the Fair Debt Collection Practices Act ( FDCPA ). 
Inaccurate Credit Reporting : Despite the alleged debt write-off in XXXX, inaccurate information remains on my credit report, further violating the FCRA. 
Failure to Provide 1099-C : Despite the alleged debt write-off, I have not received a 1099-C form from XXXX or XXXX, potentially causing tax implications. 
Privacy Violations : The sharing of my information with XXXX for debt collection purposes without explicit consent raises concerns about violations of XXXX own privacy policy and Maryland privacy laws. 
Negligence : XXXX failure to act reasonably in protecting my information, responding to requests, and complying with applicable laws constitutes willful negligence. 
Additional Evidence : XXXX XXXX XXXX accessed my XXXX credit report without my consent while litigation regarding the alleged debt was active, potentially implying improper purposes for obtaining the report and violating relevant laws. 


Sincerely, XXXX XXXX",Web,None,Debt collection — Attempts to collect debt not owed,2024-01-10T18:47:10.000Z,,8137448
On XX/XX/XXXX l received a wire transfer into my business account that was given pending status by XXXX XXXX XXXX XXXX XXXX. Subsequently being told my account was frozen for suspicious activity. I was asked to verify the nature of my business and to justify the usage of the funds designated by investors for staffing for donations to at risk youth in XXXX. After answering and providing documentation my account was subsequently froze and scheduled for closure. I was told the XXXX would be released on XX/XX/XXXX some 2 months away l shared that this was an injustice. With no favorable response to understand why my funds are not being released immediately.,Web,None,Checking or savings account — Closing an account,2024-01-10T17:50:27.000Z,,8137022
"Approximately two years ago, I signed an agreement with Meadowbrook legal and entered into a debt consolidation program. I was making payments to them in the amount of XXXX a pay period every two weeks this went on for about a year and a half up and killed the point to where I was out on XXXX XXXX. I could not afford to pay that money when I was told that there was no more money left in the account and then I was in jeopardy of defaulting the two credit card companies that they made a deal with this deal included monthly payments. This is not what I was told so I finally looked into my account and realized that 95 % of all the money that I gave them went into their pocket as fees, they did absolutely nothing. In fact, the one company that they said that they were actually an active negotiations with XXXX XXXX is now garnishing when I pay unfortunately, I have no path to recover this money or any of it or I dont believe I do, I did it in good faith, I can not believe companies like this exist, and now my only option is declare bankruptcy",Web,None,Debt or credit management — Confusing or missing disclosures,2024-01-10T16:38:32.000Z,,8143764
"XXXX called and spoke to rep. On XX/XX/XXXX I uploaded a copy of {$4000.00} payment check made to them that was sent on XX/XX/XXXX, which they cashed but never applied to my student loan. 

I can not get anyone from Ed Financial to post the check they received to my loan.",Web,Servicemember,Student loan — Dealing with your lender or servicer,2024-01-10T21:42:05.000Z,,8138987
"On XXXX and XXXX, I originally opened a complaint against XXXX and XXXX for privacy violations ( for reference : XXXX and XXXX, XXXX ). It is now apparent that there is a more extensive network of deceptive practices and I have supplied adequate proof to support these claims. I am writing to raise serious concerns about violations of consumer protection laws by XXXX, XXXX XXXX, and Oliphant USA LLC, related to my personal loan obtained in XX/XX/XXXX. 
Letters received from XXXX XXXXtate mis-conceived notions that the original loan was a result of fraud, this is not what was claimed. The original claim was about the sharing/sale of my personal information to a non affiliated third party without my consent, and it has not been addressed. TO BE CLEAR, I hold XXXX and XXXX liable for the mishandling of my personal data during the alleged sale of debt to Oliphant USA LLC and its affiliates. This is about my rights being disregarded and my financial well-being thrown into disarray by seemingly predatory practices and carelessness. 
To recap, my experience with this loan began making regular payments until XX/XX/XXXX, when unforeseen circumstances made it difficult to continue.Afterwards, my credit information was allegedly shared/sold to Accelerated Inventory XXXX XXXX an affiliate of Oliphant USA LLC ( herein known as AIM ) without my consent and without verifying the debt 's accuracy. This felt like a betrayal of trust, a violation of the Fair Credit Reporting Act and the Maryland Consumer Credit Reporting Agencies Act. XXXX then employed tactics that bordered on harassment and deception. They opened a lawsuit, produced redacted/doctored documents, and a refusal to correctly validate the alleged debt became their modus operandi. 
XXXX  even went as far as using my full Social Security Number to obtain a SCRA ( Service Members Civil Relief Act ) document without my knowledge. This constitutes blatant disregard for the Fair Debt Collection Practices Act and/or criminal intent. The lawsuit was eventually voluntarily dismissed in court by XXXX and with me present, which further constitutes the level of harassment that had taken place throughout the entire ordeal. 
The debt was written off in XXXX, yet collection attempts continued via third party and inaccurate information remained on my consumer report, further damaging my financial standing. This, coupled with the lack of a 1099-C form for the written-off debt ( which is a violation of the IRC ), left me concerned about potential tax implications. 
XXXX XXXX privacy policy promises security and responsible data sharing. However, the sharing of my information with other including XXXX  via Oliphant USA LLC without explicit consent for an alleged debt collection raises very serious concerns about privacy violations. When requested, the alleged Bill of Sale was absent of my name, account number, or any other identifying information. To add, my consumer report has an inquiry from OLIPHANT which appeared WITHOUT MY CONSENT in XX/XX/XXXX. Whether they claimed to have sold the actual debt is highly questionable, but evidence shows they did sell my PERSONAL INFORMATION. I am unaware of the extent of the sharing of my personal information without my consent or how it will affect me in the future, I constantly think about any unforeseen damages. This, to me, is not just a technicality ; it's a fundamental breach of trust and a violation of Federal and Maryland privacy laws. 
Throughout this ordeal, I felt constantly dismissed and unheard. My requests for clarification and resolution were met with silence or empty promises. This negligence, I believe, inflicted further harm, both emotional and financial. XXXX alleges no wrongdoing, but the attached evidence will prove otherwise. Both are 100 % liable for the mishandling of my personal information to a non-affiliated third party ( without my consent ), in which that third party employed harassment tactics for much of the XXXX calendar year causing distress, humiliation, and other damages. 
XXXX XXXX XXXX and responses proclaiming a narrative of innocence that was far from accurate. Federal statutes penalize making false statements to government agencies, including 18 U.S.C. 1001, which prohibits knowingly and willingly making false statements in any matter within the jurisdiction of the U.S. government. 
Here are the facts ; XXXX had no right to sell my personal information ( this includes my SSN and other personal info ) without my consent to a non-affiliated third party ( I challenge them to produce any document that I signed that says otherwise ), Oliphant/XXXX  used that information to exploit & harass for an alleged sold debt in the sum of {$10000.00} ( which was never validated in a bill of sale they obtained from XXXX ). I am not willing to be a victim of these violations. Again, I am demanding a thorough investigation and appropriate action against XXXX, XXXX XXXX, and Oliphant LLC USA. I deserve : A declaration that their actions violated the law Injunctive relief to prevent further violations Issuance of a 1099-C form for the written-off debt Compensation for damages, including emotional distress, credit damage, and tax-related costs Statutory damages under the FCRA and FDCPA Punitive damages for willful noncompliance Attorney 's fees and costs I have attached documented evidence, including the IRS audit letter, original communication with XXXX, court paperwork, their privacy policies, and my certified mail request for the 1099-C which was blatantly disregarded. These documents serve as tangible proof of the alleged violations and the immense hardship I have faced. 
This is not just about me ; it's about upholding consumer protection laws and ensuring that others don't fall prey to similar tactics. I urge you to take my complaint seriously and act swiftly to rectify these injustices. 
SUMMARY of ALLEGATIONS : Unauthorized Sharing of Credit Information : XXXX and XXXX shared my credit information with Oliphant USA LLC and affiliates without my consent and without verifying the accuracy of the debt, violating the Fair Credit Reporting Act ( FCRA ) and the Maryland Consumer Credit Reporting Agencies Act ( MCCRAA ). 
Unfair Debt Collection Practices : AIM engaged in unfair and deceptive debt collection practices, including threats to sue, sending doctored documents, and failing to validate the debt, violating the Fair Debt Collection Practices Act ( FDCPA ). 
Inaccurate Credit Reporting : Despite the alleged debt write-off in XXXX, inaccurate information remains on my credit report, further violating the FCRA. 
Failure to Provide 1099-C : Despite the alleged debt write-off, I have not received a 1099-C form from XXXX or XXXX, potentially causing tax implications. 
Privacy Violations : The sharing of my information with OliphantXXXX for debt collection purposes without explicit consent raises concerns about violations of XXXX own privacy policy and Maryland privacy laws. 
Negligence : WebBanks/LendingClubs failure to act reasonably in protecting my information, responding to requests, and complying with applicable laws constitutes willful negligence. 
Additional Evidence : Oliphant USA LLC accessed my XXXX credit report without my consent while litigation regarding the alleged debt was active, potentially implying improper purposes for obtaining the report and violating relevant laws. 

Sincerely, XXXX XXXX",Web,None,Debt collection — False statements or representation,2024-01-10T19:14:16.000Z,,8137678
I was a victim of identity theft and this company is still reporting this fraudulent account ( s ) on my credit report. This needs to be deleted from my credit report IMMEDIATELY as this is a violation of the FCRA & my consumer rights.,Web,None,Credit reporting or other personal consumer reports — Improper use of your report,2024-01-10T19:59:23.000Z,,8137910
"I ended my service after a five year commitment in XX/XX/XXXX. When I called XXXX to discontinue the service, I was put through a series of high pressured sales tactics for a good half hour as it was not made easy by several employees of XXXX in their billing department. I kept saying no to what they offered - a lower monthly subscription- but they would not oblige. Finally I was told I had to put in writing for my discontinuation of service to a given email. After all that, it was not good enough as I continued to receive monthly statements and phone calls from a phone calling center every day. I have now been passed to two debt collection services- XXXX XXXX XXXX XXXX XXXX - which did not respond to my letter dated XX/XX/XXXX and now FBCS. I dispute the amount I owe of {$380.00} as I continue to fight XXXX and what did to me.",Web,None,Debt collection — Communication tactics,2024-01-11T01:42:42.000Z,,8141001
"ENHANCED RECOVERY CORPORATION Account XXXX ) accessed my report without my permission. 

According to The Privacy Act of 1974 and the15 U.S. Code 1681b - Permissible Purposes of Consumer Report explains what a credit bureau can and can not do. I feel these rights was violated. "" Theseaccount is an adverse item they are reporting again without my permission which is against the law. 15 U.S. Code 16815-2 ( AX1 ) A states *A person shall not furnish any information relating to a consumer to any consumer reporting agency if the person knows or has reasonable cause to believe that the information is inaccurate. 15 U.S. Code 1681e states '' Every consumer reporting agency shall maintain reasonable procedures designed to avoid violations of section 1681c of this title and to limit the furnishing of consumer reports to the purposes listed under section 1681b of this title. "" XXXX and XXXX are not maintaining reasonable procedures. Also 12 CFR 1016.7 states that "" A consumer may exercise the right to opt out at any time. '' I am opting out of your reporting services.",Web,None,Credit reporting or other personal consumer reports — Incorrect information on your report,2024-01-11T03:28:33.000Z,,8141460
"On XX/XX/2023 I a correspondence to the credit reporting agency reporting this debt for validating documents ( an original consumer contract with my signature, Pay-off Discloser, Interest Rate Discloser, Balance History, Payment History, and Credit Insurance ) to validate this debt which I have yet to receive.",Web,None,Debt collection — Written notification about debt,2024-01-11T03:24:07.000Z,,8141298
"In early [ XXXX, 2024 ], I received notification from Wise that my account, which I had been using for over XXXX years for business purposes, was suddenly closed. This closure occurred without prior warning, significantly disrupting my business operations. 

Despite numerous attempts to contact Wise and seek clarification, I was not provided with a specific reason for the account closure. The only information given was a standard response indicating a review process, with an expected wait time of a month for any further update. This lack of clear communication and transparency has caused considerable inconvenience and uncertainty regarding my business finances. 

Additionally, while researching this issue, I discovered that many other Wise customers have encountered similar problems. Numerous accounts highlight experiences where accounts have been closed with minimal or no prior notice, followed by prolonged periods ( exceeding XXXX months in several cases ) without adequate responses or resolution from Wise. 

This pattern of account closures and the subsequent lack of prompt and clear communication from Wise not only affects individual customers but also poses a larger concern regarding the company 's customer service practices and adherence to fair consumer treatment standards.",Web,None,"Money transfer, virtual currency, or money service — Fraud or scam",2024-01-11T06:18:52.000Z,,8145177
On XXXX XXXX XXXX I paid off both my subsidiary and non subsidiary loans made out to the us department of student loans they were cashed but ed financial services never got the update and have been charging interest and sending me notifications since then I filed a complaint and was told through ed financial services that it would be solved within a month since then nothings been done and when I call student financial services they tell me its the us dept of educations fault when I call them they tell me its Ed finance service problem Im getting the run around and when I just called the complaints office for us dept of education they told me all three departments are all the same under one big umbrella and now my credit scores are being affected I dont understand why all Of this is happening In XXXX XXXX XXXX  the us department of education cashed my checks without any problem but never updated ed financial services,Web,None,Student loan — Dealing with your lender or servicer,2024-01-11T15:10:58.000Z,,8152261
A person named XXXX called stating he was from Wakefield and Associates. He said I had {$150.00} in medical debt from XXXXXXXX XXXX XXXX XXXX XXXX. I told him I would call XXXX myself to discuss it and he began speaking quicker saying it was already in collections and I needed to pay it today. I called XXXX and they said Wakefield Associates is not one of their debt collectors and that I have no debt in collections.,Web,None,Debt collection — Communication tactics,2024-01-11T15:06:00.000Z,,8145777
"on XX/XX/XXXX I was contacted by XXXX XXXX XXXX XXXX about a debt owed in my name. I asked for basic information such as their name and address, my original loan information and all of the associated with it such as what was owed. 

They tried to work out a payment system and then asked for my debit card information and when that happened I asked for the basic information that they are supposed to provide. Then they started getting rude and telling me I was gon na have all of my assets taken and I would be taken to court and sued. They wouldn't give me any information that I needed to verify the loan unless I gave them some sort of payment information. 

I only have one car to my name that's worth {$500.00}. They are threatening me that they will take it and sue me in court.",Web,None,Debt collection — Took or threatened to take negative or legal action,2024-01-11T15:30:37.000Z,,8152267
"I asked for documentation on the debt, the collector claimed to not have the documentation. He failed to notify me that I could dispute the debt. He refused to allow me to settle the debt for a lower amount.",Web,None,Debt collection — Written notification about debt,2024-01-11T17:35:05.000Z,,8150387
"On XX/XX/XXXX, I initiated an ACH from the XXXX XXXX account on Robinhood. I had {$36000.00} in already settled funds in the account enough to cover two ACH withdrawals. One to my XXXX account in the amount of {$35000.00} and another to my XXXXXXXX XXXX account in the amount of XXXX. For no reason whatsoever, XXXX and ROBINHOOD decided to reject the ACH 's one after flagging them as fraudulent and flagging my entire Robinhood account which is now restricted from doing anything. I can't trade or access my funds. I have bills to pay that were to come from that XXXX withdrawal which I now can not access and also XXXX liquidated my position the next day at a loss ( which they shouldn't have done when they promised me XXXX days to reinitiate the transfer ) costing me to take a loss which I had to pay due to Robinhood and XXXXXXXX XXXX actions that were not my fault as the funds were indeed there. 

I am not a money launder and I am not committing fraud. These funds are tax exempt funds from the proceeds of my personal home sale. I have been calling Robinhood for the last XXXX days and they are holding my funds continually now telling me that I will have to wait another 7-10+ days for them to complete their investigation into me. I have provided them with live selfies, my current IL Driver 's license, my Passport, my bank statements for all accounts involved, incoming and outgoing, and whatever else they asked for. This is in addition to the XXXX days they have already held my funds. 

I am in limbo and they are committing a crime against me here. It doesn't take this long to verify my identity and run me through whatever database they want to see that I am not a criminal. This is NOT okay and I am very angry with them. Their AI or whatever is flagging accounts saw my large transfers as suspicious but they are not. I have been a XXXX customer since XXXX without a single issue. XXXX and Robinhood should be ashamed that they consider anyone transferring money to XXXX as a criminal. It is not a crime to want to invest in some crypto esp. with the Bitcoin ETF news that just came out. 

I was planning on investing in crypto on Robinhood but they have too many limitations on the platform so I simply changed my mind after my funds were transferred. Customers have a right to change their minds and do whatever they feel like with their funds after all!!!! I realize they have to comply with Federal regulations and I realize there are a lot of fraudsters causing havok on the internet however this is not okay to make honest people suffer for those bad actors. 

I need a quick resolution to this. I am distraught and feel like I transferred funds to a bunch of criminals at Robinhood.",Web,None,Checking or savings account — Managing an account,2024-01-11T20:20:47.000Z,,8144773
"I was requesting a home loan in the amount of {$100000.00} from loan officer XXXX XXXX, who filed an application with Arcstone Financial. 
I was told the minimum loan amount would have to be {$170000.00}. I declined, but despite canceling this initial application, an appraiser was sent to the property and did an appraisal. I received an invoice for {$630.00}. Loan officer XXXX XXXX told me not to pay it and was looking for another loan option. Not succeeding in finding another loan option, he went back to Arcstone Financial and filed another application. To save time, I was told to pay the initial appraisal, and that he would have it transferred, as it was for the same property. 
Arcstone Financial refused a transfer and made me pay for a new appraisal, which was an additional {$450.00} to start the entire application process anew. 
Loan officer XXXX XXXX said in XX/XX/2023 that he will take care of the additional {$450.00} and reimburse me. This has not happened thus far. 
This delay of "" non-transfer '' caused the 30 day-Escrow window not to be met. 
Due to this delay, I was charged {$1000.00} by the seller for a one week extension. 
Not accepting an appraisal that was already done for the property, and was already paid, is rather absurd. I am not willing to pay the penalty either, as it was not me causing this delay. My request for a {$100000.00} loan amount was also not met, and the second application was once again only granted for {$170000.00}. 
I am hereby requesting a refund in the amount of {$1400.00} from Arcstone Financial.",Web,None,Mortgage — Closing on a mortgage,2024-01-11T20:07:15.000Z,,8151231
"Received a call from central mediation services and was transferred to a case manager, verified my name but would not verify my social security number. They said they would go ahead with the suit for an amount over {$3000.00}, and then they hung up. They only called once so far and if they call again I will try and get more information. I think this was for a debt with XXXX XXXX XXXX, a debt I never had and even verified with them I never had a account with them",Web,Servicemember,Debt collection — Took or threatened to take negative or legal action,2024-01-11T18:04:05.000Z,,8146458
"On XX/XX/XXXX ; I filed a Complaint with CFPB Regarding Incorrect Information listed on All 3 Credit Reporting Agencies by EDFINANCIAL that shows that my Student Loan account is OPEN, With a Balance of {$22000.00}. I have Shared all of the documentation with them and your agency to Prove that this Account was transferred to XXXX Through Student Loan consolidation on XX/XX/XXXX. Subsequently ; this Loan has been PAID IN FULL through the Student Loan Forgiveness Program. 
The company Responded to my Complaint through CFPB on XX/XX/XXXX ; Indicating that they were going to look into this. CFPB was somehow satisfied with this answer and closed this complaint. 
As of XX/XX/XXXX ; This loan is Still showing OPEN, with a Balance of {$22000.00}!! 
This has been over a YEAR that I have been contesting this inaccurate information on my Credit Report and EDFINANCIAL has done NOTHING to correct it with the 3 Credit Reporting Agencies. 
I Need Help in Getting this company to respond to my complaint and to remove this from my Credit Report, as they are doing nothing.",Web,Servicemember,Credit reporting or other personal consumer reports — Incorrect information on your report,2024-01-11T16:46:10.000Z,,8152307
"I first enrolled in autopay on XX/XX/23 and got confirmation that I was enrolled. Then my XXXX payment did not go through and was reported as late. I made sure to enroll again and got yet another confirmation that autopay was active. My XXXX and XXXX payments were not automatically processed and both were late until I manually paid them and I enrolled and made sure autopay was active on my account. I finally called and they said that each time I enrolled in autopay it reset the clock and a 1-2 billing cycle had to pass before autopay was fully active. So now in order to get the 0.25 % interest rate cut, I have to wait a minimum until XXXX. 

No notification my payments needed to be manually processed, or that autopay would not occur for two billing cycles.",Web,None,Student loan — Dealing with your lender or servicer,2024-01-11T21:07:36.000Z,,8152444
"Correct date the loan was open, the master copy of legal papers. Most documents you receive are simply a scan, photocopy, or printout of the pages that were filed at court.The Dodd-Frank Act added, among other things, a requirement that creditors provide to applicants a copy of all appraisals and other written valuations used in connection with the applicants application for first lien loans secured by a dwelling.",Web,Servicemember,Debt collection — False statements or representation,2024-01-11T20:35:52.000Z,,8151393
This loan does not belong to me. It was opened to another person ( relative ) with a similar last name. I was never the co-borrower on this account and the original loan documents do not contain any co-borrower details on me. Sallie Mae/Navient engaged in fraudulent activity in 2005 for the following reasons : Misspelled signature Lack of credit at time of loan verification XXXX XXXX details No occupation at time of loan verification,Web,None,Credit reporting or other personal consumer reports — Incorrect information on your report,2024-01-12T00:31:22.000Z,,8148297
I have contacted them many times to receive itemized statements of all accounts with them. That way I can make sure the hospital billed the insurance company properly and that they paid their part. The documentation that I finally received after months of fighting have received have been a jumbled mess and all accounts say they were switched to self pay before being sent to creditors. The collection notes have no order and have out of order dates and several different accounts numbers all mixed in.,Web,None,Debt collection — Written notification about debt,2024-01-12T04:35:39.000Z,,8149028
i have a copy of my credit report and after reviewing it by law my student loans are not supposed to be on my report it has been reported on my credit report without my consent.,Web,None,Credit reporting or other personal consumer reports — Improper use of your report,2024-01-12T04:39:04.000Z,,8150892
"Edfinancial offers a slightly lowered interest rate on student loans if the account is enrolled in autopay. this encourages you to enroll to receive the benefit. 

Unfortunately their auto pay system does not function properly and never withdraws the payment from your linked account. This causes late fees to be charged and potential harm to a consumer 's credit through no fault of their own. 

I myself enrolled into auto pay for my student loan to the amount of XXXX starting in XX/XX/2023. When I logged into my student loan account to check it in late XXXX of 2023, I realized I had a past due balance of XXXX since the previous month 's payment was never actually taken out. I had to manually submit a payment to get this account brought current. I have multiple email confirmations of me setting up auto pay but it still does not function correctly.",Web,None,Student loan — Dealing with your lender or servicer,2024-01-12T04:58:33.000Z,,8150902
"Good day, my Client Id : XXXX & XXXX XXXX. XXXXXXXX XXXX XXXX XXXX XXXX. I was to receive {$1700.00} from CELSIUS NETWORKS, LLC, I receive a email from XXXXcelsiusXXXX to withdraw funds and I did as instructed only to receive an error message, no funds were withdrawn. I replied to CELSIUS NETWORKS, LLC email and it returned undeliverable and I reached out to the helpdesk as stated in the email and it was an invalid link. The email ( see attached ) also states the withdrawal is only valid 24hours, but CELSIUS NETWORKS, LLC is not able to be contacted in case any issue with withdrawing funds. This is not right that CELSIUS NETWORKS, LLC does not give the customer a chance to withdraw funds or contact them in event of error. So CELSIUS NETWORKS, LLC is holding {$1700.00} funds. How can I get my funds withdrawn? Please help.",Web,None,"Money transfer, virtual currency, or money service — Money was not available when promised",2024-01-12T16:29:13.000Z,,8175919
"A Guy Named XXXX XXXX From A JL Recovery Company Is Calling Me And Harassing Me. He's Called Me Twice This Week And Says He's Calling On Behalf Of A Client, But Won't Tell Me The Clients Name. I Believe This Is A Scam And I Want To Make A Formal Complaint Against This Company. XXXX Was Very Vague And Wouldn't Disclose His Company 's Information.",Web,None,Debt collection — Attempts to collect debt not owed,2024-01-12T17:00:01.000Z,,8152791
"I took a {$5500.00} federal student loan last year that was disbursed XXXX XXXX sent a payment of {$1600.00} to EdFinancial that was recorded as accepted by the financial institution at the beginning of XXXX XXXX. This was during a big switch of loan servicing systems, and it never showed up on my account. I called about it in early XXXX XXXX  and was told by a representative that the payment was received and that it should show up on my account soon. When it didn't, I called again in the next month or two and they said that they saw that it was received and that it should show up on my account within 5 business days. When it still didn't show, I called again and they said that they would put it on emergency status and that it should show up on my account in the next 5-10 business days. I called on Monday XX/XX/XXXX, and the call mysteriously dropped right when I started to explain my situation. I called back immediately and requested a call-back but never received one. 

I called again on Friday XXXX XXXX XXXX XXXX said that she didn't see the payment but that there was a request for proof of payment ( which nobody had ever told me about ). I sent that proof of payment then called the same day to see if it went through. I was told by XXXX that she saw the uploaded document but that it would take up to 41 days for it to be processed. On XX/XX/XXXX, I called for an update and was told by XXXX that it would take 12 business days for the finance department to scan the uploaded document. Then on XXXX XXXX I received a call from EdFinancial which I was unable to answer. I was also sent an email that was not personalized to my situation but that sounded like they wanted more information. I contacted XXXX to get a check-trace and uploaded a PDF of the check trace from XXXX to EdFinancial on XX/XX/XXXX. I allowed the previous XXXX business days for the finance department to scan it before following up. I called on XX/XX/XXXX and talked with XXXX. She said that she got in contact with someone who asked when I sent in both the receipt ( proof of payment ) and the check trace. At the end of the call it was determined that they had received proof of payment. I allowed time for it to process and called back on XXXX XXXX  where I spoke with XXXX. She told me that research was submitted on XXXX XXXX, but there were no other updates. 

Nothing has been resolved in over 8 months of following up on this payment. I currently have the money to pay this loan off the moment this is resolved, but I am being forced to hold back on making that payment until the {$1600.00} shows up on my account. If I make the remaining payment now, It will result in me missing a payment deadline which will negatively affect my credit score. Because of this delay on EdFinancials part, I am being charged interest which I wouldnt have been charged if this was taken care of on one of the several times they told me it should be taken care of.",Web,None,Student loan — Dealing with your lender or servicer,2024-01-12T14:14:12.000Z,,8152141
"This is an issue I am having with paying my student loans. I have paid an amount from my bank account that is not being applied to my loans, and is not reflected on the EdFinancial site. 

On XX/XX/XXXX, I paid {$6000.00} from my XXXX XXXX account into my subsidized loans. 

On XX/XX/XXXX, {$3.00} was applied to "" XXXX XXXX XXXX - XXXX '' XXXX. 
On XX/XX/XXXX, {$1900.00} was also applied to "" XXXX XXXX XXXX - XXXX '' XXXX. 
On XX/XX/XXXX, {$280.00} was applied to "" XXXX XXXX XXXX - XXXX '' XXXX. 

A total of {$2200.00} was applied as a payment to my student loans on EdFinancial Services. 

There is a difference of {$3700.00} ( {$6000.00} applied minus the {$2200.00} reflected on EDFinancials site ) that is missing, and that has not been applied to my loans, but should have been applied. 

I have reached out to my bank at XXXX, and received confirmation that the {$6000.00} amount was correctly sent to, and received by EdFinanical.

I am happy to provide account info, screenshots, etc., in order to help resolve and apply the missing funds to my account.",Web,None,Student loan — Dealing with your lender or servicer,2024-01-12T19:00:42.000Z,,8173296
"Joe Biden said he would forgive student loans but in the mean time he would return any payments made during the pandemic pause payment period. 

I request my payment to be refunded I received a partial payment of about XXXX This was not the total I had paid Ed finacial said I was correct and said they sent another XXXX to the dept of treasury for disbursement I never got refund",Web,None,Student loan — Dealing with your lender or servicer,2024-01-12T14:49:19.000Z,,8152680
I received credit card I made my first payment early for XXXX dollars. And then I received notice I authorized a payment of XXXX to pay on credit card ( of which I did Not ) I authorized a payment of XXXX to be paid for my credit card on XXXX XXXX I had about {$9.00} in my bank account my account is now overdrawn by XXXX taking this amount of which was not in my checking account has me overdrawn I haven't received my SS check and now my XXXX scores have dropped XXXX points over drawn bank account for which they said I authorized I DID Not AUTHORIZE A Payment,Web,Older American,Credit card — Problem with a purchase shown on your statement,2024-01-12T17:14:31.000Z,,8162228
"First Collection Services XXXX XXXX XXXX XXXX XXXX XXXX, AR XXXX Pay your account online at www.payfcs.com To unsubscribe from future emails, click here. First Collection Services has provided your notice below. 

This communication is from a debt collector. This is an attempt to collect a debt. Any information obtained will be used for that purpose. 

Depending upon your internet connection speed, your notice may take a few moments to render.

I do not have a debt with XXXX XXXX XXXX. I have not lived in Oklahoma in two years plus, when I moved out I had paid my bill in its entirety. This is a false debt collection claim and misrepresentation of myself and the company.",Web,None,Debt collection — Attempts to collect debt not owed,2024-01-12T21:27:52.000Z,,8173023
"I sent a letter certified by mail to Mobiloans for proof of validation or method of validation, both times Mobiloans responded and said the disputes were frivolous. They stated that they do not have to send me any information.",Web,Servicemember,Credit reporting or other personal consumer reports — Incorrect information on your report,2024-01-13T00:08:42.000Z,,8161883
"Summary : was told I was on autopay, but still was required to make manual payments resulting in loans not being paid on time. 

On XXXX XXXX I logged into my online portal for Edfinancial and paid for my due amounts and signed up for Auto Pay. 
I received an email confirming I signed up for Autopay, and that my start date would be in XXXX. 

Fast forward to XXXX I receive notice that I am late on payments and have not paid for XXXX Loans. 

I look in the Portal everything is configured correctly with valid payment info. I submit a payment to cover the fees in a one time using the same payment info and it processes. 

I call in to confirm I am enrolled on Auto-Pay, and am informed that despite signing up for Autopay I needed to make the next two payments manually. I double confirmed that despite saying Autopay Started in XXXX, I would need to make my next two payments from that date manually and the agent double confirmed. This was not stated anywhere in the online process for Auto Pay enrollment and is super misleading. 

I was then told because I was "" late payment '' I would need to reenroll in autopay, so despite all the details showing correctly in the XXXX for AutoPay I needed to restart it and then once again manually pay for the Auto Pay for 2 months. No where in the online process was this stated. 

This is either deceitful or insanely negligent and incompetent, neither of which are acceptable when people 's finances are on the line.",Web,None,Student loan — Dealing with your lender or servicer,2024-01-12T18:46:22.000Z,,8174151
XX/XX/2023 {$1200.00} Disputed through credit bureau,Web,None,Debt collection — Attempts to collect debt not owed,2024-01-12T21:33:55.000Z,,8162352
"On XX/XX/2023, Paramount Recovery added a derogatory mark on my credit report per XXXX. Upon further research, the account was transferred/sold and I am no longer responsible for the account. Debtor 's creditor did not verify this collection. Also, there was NO written form of communication, contract, or signature for this accused debt at all. A bill without a signature does not validate the debt and anybody can send a bill and say it belongs to me. According to the FCRA, XXXX XXXX has violated my rights as a consumer and I'm requesting legal action to remove this account immediately from all XXXX  credit bureaus.",Web,None,Credit reporting or other personal consumer reports — Incorrect information on your report,2024-01-13T17:27:22.000Z,,8155040
I took out this loan in 2021 for XXXX  XXXX with XXXX XXXX and Universal Servicing acquired the debt from them for {$10000.00}. XXXX for XXXX  and XXXX for travel. They are reporting the initial debt was {$12000.00} and I have emails from XXXX XXXX detailing the payments. I dont know where they got {$12000.00} from. I have never been late nor have missed a payment and I want the original balance to be updated to reflect the correct amount which will in turn lower the correct amount owed.,Web,Servicemember,"Payday loan, title loan, personal loan, or advance loan — Charged fees or interest you didn't expect",2024-01-14T12:13:28.000Z,,8163290
"In order to get a loan payment match from my company, I need a document that shows : 1. My student account number 2. The date of my last payment 3. The amount of that last payment ( {$2500.00} ) However there is no place on the online platform where I can get this. I have contacted Customer Support a few days ago but they have not replied yet and this is a time sensitive issue",Web,None,Student loan — Dealing with your lender or servicer,2024-01-13T14:50:43.000Z,,8155151
Ive previously submitted a complaint with this company about it being on my credit report and the information being inaccurate. In their response they stated that they no longer owned the account # XXXX and the original creditor was not reporting the account to the credit bureaus anymore. Ive disputed on credit karma and P & B Capital Group responded to XXXX XXXX that the information they provided was correct and it was not removed from my report. You can see P & B Capital Group state in the complaint # XXXX that the account # XXXX I spoke of is no longer being reported. I disputed the account through XXXX XXXX on XX/XX/2024. So after I submitted the complaint with you all and they stated the above they still gave inaccurate information to XXXX XXXX.,Web,None,Debt collection — False statements or representation,2024-01-14T00:44:29.000Z,,8156107
"I closed on my primary home located in XXXX XXXX XXXX XXXX, XXXX TX XXXX. My original lender is ( WILLOW BEND MORTGAGE XXXX, XXXX ) located on XXXX XXXX XXXX XXXX, XXXX, TX XXXX. On XX/XX/XXXX I recievd a notice stating : XXXX XXXX XXXX XXXX XXXX XXXX XXXX, TX XXXX XXXX RE : NOTICE OF SERVICING TRANSFER The servicing of your mortgage loan is being transferred, effective XX/XX/2023. This means after this date, a new servicer will be collecting your mortgage loan payments from you. Nothing else about your mortgage loan will change. 
Willow Bend Mortgage XXXX, XXXX is now collecting your payments. Willow Bend Mortgage XXXX, XXXX will stop accepting payments received from you after XX/XX/2023. 
XXXX Mortgage XXXX will collect your mortgage payment going forward. Your new servicer will start accepting payments received from you on XX/XX/2023. Please be advised that any optional insurance or ACH drafting will be cancelled as of the transfer date. You XXXX contact XXXX Mortgage XXXX to set up new payment drafts. Please notify any third-party payment agencies or government allotment service of the change in servicer. 
Send all payments due on or after XX/XX/2023 to XXXX Mortgage XXXX at this address :. 

I Contacted XXXX Mortgage services to mail my payment and I was informed that they can't find my file in their system so they will not be able to process any payment. 

XX/XX/XXXX I got a call from a company called XXXX XXXX XXXX saying my loan payment is XXXX past due, prior to XX/XX/XXXX I didn't get any bill statement from these company or knew they existed. I told the customer service rep I didn't get any letter of acknowledgment from their company and she informed me that they sent the letter to my old address and she informed me that they wouldn't report late payment on my credit report since new account has XXXX grace period, it turns out that she lied as my credit just got affected drastically due to them reporting late payment on my report about payment I never received a statement for or knew existed with their company. Company like this take advantage of customers and they need to be brought to compliance. I have attached the letter I got from my first lender and the letter from XXXX showing they sent the welcome letter to the wrong address and didn't make any attempt to contact me by phone or anything.",Web,None,Credit reporting or other personal consumer reports — Incorrect information on your report,2024-01-15T15:42:59.000Z,,8157442
"According to the Fair Credit Reporting Act, I have the right to ensure that XXXX and XXXX, as consumer reporting agencies, handle my private information fairly and with respect for my privacy. The law, specifically 15 USC 6801, states that financial institutions, including those furnishing information to credit agencies, must have an ongoing obligation to respect customer privacy.

I emphasize that these agencies and the financial institution ( Furnisher of information to credit agencies ) lack my consent to furnish, my information, as stated in 15 USC 1681 section 604 ( a ) ( 2 ). Moreover, they did not inform me of my right to exercise my nondisclosure o
ption, a requirement under 15 USC 6802 ( b ) ( c ). 

I argue that XXXX and XXXX are violating the law by reporting adverse information without my permission, as outlined in 15 USC 1681C ( a ) ( 5 ). Additionally, 15 U.S. Code 1681s2 ( a ) ( 1 ) ( A ) prohibits furnishing inaccurate information to consumer reporting agencies, and 15 U.S. Code 1681e mandates consumer reporting agencies to maintain reasonable procedures to avoid violations.

Pointing to 12 CFR 1016.7, I highlight my right to opt out of their reporting services at any time. In summary, I assert that these entities are not adhering to various legal provisions designed to protect consumer rights regarding privacy and information accuracy.",Web,None,Credit reporting or other personal consumer reports — Improper use of your report,2024-01-14T21:41:49.000Z,,8172442
"In response to current pending complaint "" XXXX '' ... There is no option to reply on that one! Really not helpful! 

A follow up on the XX/XX/XXXX ( 60 day breach and failure to respond ) email from you : "" We havent received a final response from the company in the expected time, even though the company initially responded that they were working on your complaint. 

Weve alerted the company that its response to your complaint is now past due and that a response is still expected. 

"" What I expect is the following from you : 1 - Any communication from Ed Financial be reviewed and tracked by you. Please consider engaging XXXX 2 - How and when will you hold them responsible? How and when will you "" enforce federal consumer financial laws '' 3 - You should also hold studentaid.gov responsible as per the document and reasons I supplied ( attached to XXXX ). I have not heard back from neither of them regarding that document! Implying FRAUD!!!!!!!!!!!! 


This frustration has been going on with me since XX/XX/XXXX. I am glad it has taken, even you, 60 days for them to continue to show failures and incompetence which are legitimate indicators to fraud! I strongly recommend legal eyes on this.",Web,None,Student loan — Dealing with your lender or servicer,2024-01-15T19:29:59.000Z,,8158530
I am sending the same package as I am sending you to the Virtuoso Sourcing Group.,Web,"Older American, Servicemember",Debt collection — Attempts to collect debt not owed,2024-01-15T01:18:22.000Z,,8163276
"edfinancial services started sending me automated emails me about some account balance after student loan repayments started up. I do not have student loans as verified by the financial aid website nor is it on my credit report. I've tried to explain this to them, more than once, and they just keep asking for an account number, which I keep telling them I don't have, as I have no student loans.",Web,None,Student loan — Dealing with your lender or servicer,2024-01-15T18:53:24.000Z,,8158726
Loan was extended two years and four months pass the anniversary date of the loan. I needed a forbearance because of two hardships during the activity of the loan. I was given a forbearance twice because of personal problems due to inadequate job performance. American Credit Acceptance extended me the courtesy by putting the arrearages on the back of the loan. I was only thirty days late twice. American Credit Acceptance extended twenty eight months past the Anniversary date of the loan. A total of {$10000.00} was charged to my account.,Web,"Older American, Servicemember",Vehicle loan or lease — Managing the loan or lease,2024-01-16T03:43:46.000Z,,8157694
"To whom it may concern for, There should be no balance, past due or monthly payment on an account that is no longer owned by the original company, this account was transferred/sold ; DELETE IMMEDIATELY!",Web,None,Credit reporting or other personal consumer reports — Incorrect information on your report,2024-01-15T20:58:32.000Z,,8181223
"I have made many attempts to have this account resolved, investigated and removed from my credit report with XXXX. The reported creditor and credit bureau XXXX XXXX are reporting unfair derogatory and inaccurate account information regarding this account ( XXXX ) with creditor JTM CAPITAL MANAGEMENT LLC. This inaccurate information is not being investigated and verified fairly by XXXX. I have reach out to JTM CAPITAL MANAGEMENT LLC about this outdated account. I never had an account with JTM CAPITAL MANAGEMENT LLC and my attempts to have this resolved and have it removed from XXXX has went unresolved. I didn't receive any notification, billing statements, or notice of default of any kind from this financial institution. But when I review my credit report from XXXX they have years of derogatory report information in this account.",Web,None,Credit reporting or other personal consumer reports — Improper use of your report,2024-01-16T23:16:53.000Z,,8160864
"Recently, I was demanded to provide proof of income in order to receive my leasing contract or else be denied. Being that I am 1. Not a XXXX XXXX ( see attached documentation from the Department of Homeland Security ) these practices and procedures do NOT apply to me. 2. As my compensation derives from barter of services ( see attached definitions from CFRs and US Codes ), I do not receive wages or income. According to 12 U. S. Code 4502 ( 6 ) by definition, I receive compensation which is defined as any payment of money or the provisions of any other thing of current or potential value with connection with employment. Income ( 26 U.S. Code 61 ) can never be a factor. 42 U.S. Code 409 Wages, defined as "" remuneration paid after XXXX for employment, including the cash value of all remuneration ( including benefits ) paid in any medium other than cash '' further proving I do not receive wages either because I do not get paid in any other medium. 

Wages and income ( w2s, w4s, 1099s etc. ) are all considered tax class 5 which the Internal Revenue Service ( as relating to the Information Returns Processing ( IRP ) System ) identifies as Estate and Gift Taxes as seen in Section 2 Tax Returns and Forms of the XXXX and XXXX XXXX XXXX. Therefore, I can not provide proof of something I do not receive and do not wish to disclose private gifts Ive received from work performed from barter of services which are excluded from income according to Title 26 part III of the United States Code. 

Additionally, my rental application was submitted by the XXXX at XXXX XXXX on XX/XX/XXXX at XXXX. Since I gave you an asset backed security, and because it was already submitted electronically per 15 U.S. Code 7001 and applications can be transferred to 3rd parties per 12 U.S. Code 1832, I can not be denied. 

As you may be aware, it is against federal law in accordance with Title 15 Ch. 41 of the United States Code to threaten and discriminate against a consumer including adverse actions. Pursuant to 15 U.S. Code 1691 ( c ) you assume civil liability pursuant to 15 U.S. Code 1691 ( e ). Entrata, XXXX, XXXX  XXXX, XXXX, XXXX, and XXXX has violated my federally protected consumer rights such as : 5 U.S. Code 552a 15 U.S. Code 45 12 CFR 1002 Furthermore, Since the application sent to me dated XX/XX/XXXX at XXXX is both proof and evidence of the use of my securities, they are criminally liable. Following this attempt to rectify, I filed complaints with HUD and the SEC. They should resort to reasonable procedures to amend this affair and compensate me for the use of my securities. Otherwise, this would be considered securities fraud since I have received NO BENEFIT. I have began my civil money penalties 12 CFR 215.11 as I have initially sent out notices on XX/XX/XXXX. 

According to the Fair Credit Reporting Act 15 USC 1681 section 602 a states "" There is a need to insure that consumer reporting agencies exercise their grave responsibilities with fairness, impartiality, and a respect for the consumers right to privacy. '' XXXX and XXXX are consumer reporting agencies and I am the Consumer. I have the right to make sure my private information isn't shared which is backed by 15 USC 6801 which states '' It is the policy of the Congress that each financial institution has an affirmative and continuing obligation to respect the privacy of its customers and to protect the security and confidentiality of those customers nonpublic personal information. '' XXXX XXXX XXXX, XXXX XXXX, ResidentVerify and Entrata are financial institutions by definition under that title. 15 USC 1681 section 604 a section 2 states that "" In general Subject to subsection ( c ), any consumer reporting agency may furnish a consumer report under the following circumstances and no other : in accordance with the written instructions of the consumer to whom it relates. '' XXXX XXXX XXXX, XXXX, ResidentVerify and Entrata the financial institution and the Consumer reporting agencies XXXX and XXXX do not have my consent to furnish this information and they surely do not have my written consent. Any and all consent to XXXX, XXXX, XXXX XXXX, Entrata, ResidentVerify whether it be verbal, non-verbal, written, implied or otherwise is revoked. 15 USC 6802 ( b ) ( c ) states that "" A financial institution may not disclose nonpublic personal information to a nonaffiliated third party unless the consumer is given an explanation of how the consumer can exercise that nondisclosure option. '' XXXX, XXXX, XXXX XXXX, Entrata, ResidentVerify Never informed me of my right to exercise my nondisclosure option. Not only that 15 USC 1681C ( a ) ( 5 ) states '' Except as authorized under subsection ( b ), no consumer reporting agency may make any consumer report containing any of the following items of information Any other adverse item of information, other than records of convictions of crimes which antedates the report by more than seven years. '' This account is an adverse item they are reporting again without my permission which is against the law. 15 U.S. Code 1681s2 ( A ) ( 1 ) A states "" A person shall not furnish any information relating to a consumer to any consumer reporting agency if the person knows or has reasonable cause to believe that the information is inaccurate. 15 U.S. Code 1681e states "" Every consumer reporting agency shall maintain reasonable procedures designed to avoid violations of section 1681c of this title and to limit the furnishing of consumer reports to the purposes listed under section 1681b of this title. XXXX and XXXX, XXXX XXXX, Entrata, ResidentVerify are not maintaining reasonable procedures. Also 12 CFR 1016.7 states that "" A consumer may exercise the right to opt out at any time. '' I am opting out of your reporting services.",Web,None,Credit reporting or other personal consumer reports — Improper use of your report,2024-01-16T15:20:29.000Z,,8163519
"I would like to close the Robinhood brokerage account. It was declined by the company due to the remaining one share in the account. This one share is XXXX^, which can not be trade using Robinhood system. This share was giving by Robinhood as a gift few years ago from referral program, and I did not authorize the possess the position. 

This is the full reply from the Robinhood agent : Hi XXXX, Thank you for reaching out today! I hope this email finds you well. This is XXXX here again with Robinhood Support. 

I appreciate you taking the time to write in about this. Thank you for your patience and understanding concerning this matter. 

As we discussed, it looks like there is just one position remaining in your account that is preventing you from closing it. The position is XXXX. First, this position actually isn't a stock and can not be traded. It is what is known as a Contingent Value Right. The term contingent value right ( CVR ) refers to a right often granted to shareholders of a company facing restructuring or a buyout. These rights ensure that the shareholders get certain benefits if a specific event occurs, usually within a specified time frame.?? Basically, this position is a placeholder in case the issuing company can make a payout to their shareholders in the future. I know this is not ideal but, because of this we can not remove them from accounts. Please note, this was not Robinhood 's decision. 

We would have to wait for the issuing company to either deem the CVR worthless or issue a payout to their shareholders. Unfortunately, we can not get rid of these as the position has not been declared worthless by the SEC. I can confirm that this is the only position remaining in your account at this time. 
Please reply if you have any questions or concerns : Were here to help! 

Sincerely, XXXX Case ID : XXXX",Web,None,Checking or savings account — Closing an account,2024-01-17T01:38:12.000Z,,8173268
They told me that they were going to send me out another one and I'm still waiting for the card it's been months and still no card direct Express card..,Web,Servicemember,Prepaid card — Problem getting a card or closing an account,2024-01-17T13:48:34.000Z,,8168214
There is a repossession being reported and it should not be. After reviewing my credit report I found there to be a major error. Credit Acceptance did not provide me in advance with the proper documentation prior to the repossession. I received absolutely no Notice of XXXX or any kind of XXXX Notice. This is has already caused me so many problems and now by incorrectly reporting it on my credit it is causing me more unnecessary stress.,Web,None,Credit reporting or other personal consumer reports — Incorrect information on your report,2024-01-17T19:25:41.000Z,,8167718
Ive filed a dispute with XXXX about the matter. XXXX amount shows up as {$840.00} I believe. The made a false report on my credit without reason,Web,None,Debt collection — Attempts to collect debt not owed,2024-01-17T08:05:16.000Z,,8172185
Someone took out a student loan using my old married name from 10 years and my social security number. I did not take out a student loan. I am the victim of identity theft and nobody will help me. I don't even know how this loan was approved since I changed my name 10 years ago. This is not my loan and it is going to ruin my credit. EDfinancial will not do anything to help and will not provide any documentation. I have also contacted the Federal Department of education who also has not done anything to help. I have attached a photo of my driver 's license showing that my last name is XXXX and not XXXX.,Web,None,Credit reporting or other personal consumer reports — Incorrect information on your report,2024-01-17T18:28:05.000Z,,8167217
Please see attached letter and fill it out entirely and have your correspondence attached as your response. Thank you.,Web,None,Debt collection — Took or threatened to take negative or legal action,2024-01-17T19:04:17.000Z,,8166209
"I set up auto pay initially on XX/XX/XXXX according to the amount of my repayment plan ( approx. XXXX per month ). I updated my autopay on XX/XX/XXXX to withdraw more than my usual repayment amount, totaling XXXX per month. This amount was properly withdrawn automatically on XX/XX/XXXX as scheduled. I got an alert yesterday from EdFinancial saying that I had 26 days of forbearance left. I did not ever apply for forbearance, so this should not be the case. Today, XX/XX/XXXX, is when my autopay should have been withdrawn. Nothing came out of my account and it is not possible to tell from the website whether I am still successfully enrolled in auto pay. Nothing about my banking information has changed so there is no reason that auto pay should have been turned off. I requested auto pay again just to be sure and made a manual payment just now since the website was saying my payment was overdue. I attached the following screenshots : 1. Confirmation that my auto payment of XXXX went through on XX/XX/XXXX along with my manual payment made today, 2. My email from XX/XX/XXXX that confirms I set up auto pay, 3. Confirmation that I am receiving the 0.25 % interest decrease for being enrolled in autopay, and 4. The alert I received about being in forbearance. Again, I did not apply for or request forbearance.",Web,None,Student loan — Dealing with your lender or servicer,2024-01-17T20:00:05.000Z,,8165707
"The issue I would like addressed. 
I want the servicer Edfinancial Services to act in good faith when making an offer, I acted in good faith and made every effort to accept their offer of a decreased rate of interest for auto payment which is clearly stated through out their website. 
I tried enrolling online for autopay as soon as I discovered who my servicer was, well before the first bill arrived, no success, I believe it was the first week in XXXX that I finally was able to enter my banking information. Even so there was nothing to notify the user ( me ) on the website of successful enrollment. Not receiving a "" congratulations you have enrolled '' page I eventually gave up. 
I got my first bill in the post, the document states I am not enrolled in auto pay. 
I return to the website, try to enroll again. Same results, XXXX feedback that I have complete the request successfully. 
On a lark, I make a call, I speak with a lovey capable person. They inform me that the system is backlogged and auto enroll will take 3 months to kick in ; as long as you dont try to enroll in auto pay again because the 3 months starts from the date of the last request. 
I was also informed that I am not required make any payments until autopay starts. I asked if interest accrues during this time, the response was yes. Anyone that paid attention in High School Home Econ class knows that adding interest to the principle increases the total amount of interest a borrowers has to pay. Any behavioral scientist will tell you, that every time someone gets a bill that states autopay "" not enrolled '', that person is going to try to enroll, which starts the process a new and thus never ever, ever be successful in achieving the lower rate.",Web,None,Student loan — Dealing with your lender or servicer,2024-01-17T21:54:55.000Z,,8165169
"Signed up with Level One Law for debt management. They started pulling money from my account XX/XX/XXXX. Payments were due on the XXXX and XXXX. I went into my patient portal to adjust my draft date since I'm not getting paid until the XX/XX/XXXX. I didn't see how to make the change so I called the company and the voice mail stated the we're open. Red flag. I reached out to the local lawyer to whom I was assigned. He assured me everything was alright and if I'm still having trouble reach back out to him. I then called XXXX XXXX XXXX and found out they had received multiple calls regarding this company this week. I closed my account so no further drafts would be taken out. Found out out of the XXXX put in only XXXX was left. I feel like they never provided a service, therefore only administration fee should have been taken out. They hadn't even sent letters to my creditors identifying theirselves and making them aware the would be speaking on my behalf.",Web,Servicemember,Debt or credit management — Didn't provide services promised,2024-01-17T20:32:51.000Z,,8166417
"I opened two loans ( in short period of time ) with XXXX XXXX. The First loan was on XX/XX/XXXX in the amount of {$10000.00}. Loan # XXXX then a second loan on XX/XX/XXXX in the amount of {$13000.00} ( loan # XXXX ). They ONLY deposited {$2600.00} into my bank account on XX/XX/XXXX because I was paying off the first loan. And receiving the difference. 

Well - I keep receiving notices of LATE payment on loan # XXXX. I talked with XXXX ( ID XXXX ) as well as her manager, XXXX on XXXX  and they both reassured me that the first loan was indeed PAID OFF so no payment is due/overdue. As of XX/XX/XXXX it still shows on my credit report that TWO loans are Open. I again called on XXXX and requested a PAY OFF letter proving that the first loan is PAID OFF. Today, instead of receiving the requested document, I received another LATE Payment Email ( attached ).",Web,None,"Payday loan, title loan, personal loan, or advance loan — Loan payment wasn't credited to your account",2024-01-18T00:08:12.000Z,,8171150
"In accordance with the Fair Credit Reporting act. The List of accounts below has violated my federally protected consumer rights to privacy and confidentiality under 15 USC 1681., has violated my rights. Account name : Waterfall Revenue 15 U.S.C 1681 section 602 A. States I have the right to privacy. 15 U.S.C 1681 Section 604 A Section 2 : It also states a consumer reporting agency can not furnish a account without my written instructions 15 U.S.C 1681c. ( a ) ( 5 ) Section States : no consumer reporting agency may make any consumer report containing any of the following items of information Any other adverse item of information, other than records of convictions of crimes which antedates the report by more than seven years. 15 U.S.C. 1681s-2 ( A ) ( 1 ) A person shall not furnish any information relating to a consumer to any consumer reporting agency if the person knows or has reasonable cause to believe that the information is inaccurate. I requested debt validation from agency and received a partial copy of a statement or just a confirmation that it was validated through a third party. I have sent multiple letters. Im requesting that these accounts be removed.",Web,None,Debt collection — Written notification about debt,2024-01-18T00:00:33.000Z,,8165372
"On XX/XX/2024, I submitted request for validation of debt and validation of the alleged contract which the debt collector supposedly owed which stated that I validated. The debt collector has not responded to my request.",Web,None,Debt collection — Attempts to collect debt not owed,2024-01-17T20:50:45.000Z,,8166548
"On XX/XX/XXXX XXXX XXXX  I made a debt settlement payment of {$2100.00} through Elite Financial Services to XXXX XXXX I was informed by Elite Services that this was a settlement that XXXX and XXXX agreed upon and would clear any other amount I owed. Elite Financial Services uses XXXX XXXX XXXX to make payments. 

1 ) Elite Services has never provided me with written information on any of the settlements I have completed. 
2 ) XXXX says they returned my account to XXXX on XX/XX/ and do not show a settlement payment. 
3 ) XXXX XXXX department says they haven't received a payment since XX/XX/. 
4 ) I have not received any paperwork from XXXX nor from XXXX the entire time I have been in dispute and or settlement with them. 

The payment was made, money was taken out of my account, and not one of these companies is taking responsibility to post this money. Fuerthermore, Elite Financial Services owes me a refund of {$1200.00} per the case manager I have spoken with. Finally, Elite Financial Services does not return my phone calls nor do they return my email requests to speak.",Web,None,Debt or credit management — Didn't provide services promised,2024-01-17T22:26:40.000Z,,8165486
This account has already been closed yet it is still showing up on my account. XXXX already updated this information as closed. I have pics I will send.,Web,None,Debt collection — Written notification about debt,2024-01-18T01:56:42.000Z,,8170451
"I have a 'deht collection "" of XXXX by Original Creditor XXXX XXXX XXXX XXXX XXXX 
Original Act # XXXX Balance XXXX Location - XXXX XXXXXXXX XXXX Current Creditor- Cascade Capital Finding LLC Creditor Act # - XXXX & & I was XXXX XXXX at the time. I was XXXX  at XXXX XXXX XXXX XXXX in XXXX XXXX NC . I believe it was XX/XX/XXXX. It was near the end of XX/XX/XXXX. I was sent to the XXXX due to a very bad XXXX XXXXXXXX, that started XXXXXXXX XXXX XXXX XXXX XXXX so they had to call XXXX. From the hospital they sent to to XXXX NC XXXX. I have documents for proof of me being XXXX from XX/XX/XXXX I was in XXXX XXXX XXXX XXXX NC , transferred to XXXX XXXX XXXX XXXX XXXX NC XX/XX/XXXX and that's when I was sent to XXXX XXXX by XXXX , and went to XXXX from there XX/XX/XXXX I was released from XXXX. Therefore, I was XXXX XXXX and I'm NOT reliable for the bill. I've contacted different people every time I got a letter about the XXXX. I've contacted XXXX XXXX XXXX about it and everything else. Then it gets put on my credit report and it shouldn't be. I'm trying to fix/build my credit as it is ....",Web,None,Debt or credit management — Unauthorized withdrawals or charges,2024-01-18T04:24:10.000Z,,8170385
"I paid off all my loans in one lump sum of {$5400.00} in late XXXX. It was charged to my account twice. I have asked for a refund for the overdraft funds but Edfinancial has not returned the money or given me an accurate time frame to expect the funds to be returned. I have been without {$5400.00} that was never owed to the loan company for over XXXX months, and am still waiting. 

Timeline : Student Loan paid off in full XX/XX/XXXX for an amount of {$5400.00} ( Online bank transferXXXX XXXX XXXX XXXX XXXX 

XX/XX/XXXX noticed the withdrawal of 2 transactions of {$5400.00}. One on XX/XX/XXXX and another on XX/XX/XXXX ( confirmed by XXXX XXXX XXXX ) XX/XX/XXXX called ED Financial indicating the error of the second transaction. 

They requested a wait time of XXXX  days waiting period before they could do anything with this error. 

XX/XX/XXXX logged into ED financial online portal where it showed a refund of {$5400.00} but have not received any monies and no indication of how the money was refunded e.g. check or deposit. 

XX/XX/XXXX ED Financial referred me to the Department of Education to request the status on this issue XX/XX/XXXX Submitted and Filed a complaint with Department of Education explaining the 2-transaction withdrawal, and that no refund was ever received. They asked her to go back to ED Financial. 

Have continued to call both institutions a couple of times a week. 

XX/XX/XXXX called U.S. Department of Education they stated that the complaint had been escalated and should receive an update in XXXX days never got one. 

XX/XX/XXXX email from U.S. Department of Education stating that the loan company ED Financial Services should handle this. 

XX/XX/XXXX call ED Financial Services and they stated that it would take XXXX business days from XX/XX/XXXX to receive a check. 

Continue calling and keep stating XXXX business days from XX/XX/XXXX is when to expect a check that would have been XX/XX/XXXX and still nothing. 

XX/XX/XXXX called ED Financial now stating XXXX business days from REFUND APPROVAL date XXXX rather than the REFUND REQUEST date XX/XX/XXXX. This puts us now at XX/XX/XXXX. Just concerning that they keep moving the possible refund date!! 

XXXX XXXX XXXX  Called XXXX XXXX XXXX XXXX let them know what happened ACH dispute to get the money back from ED Financial Services they will contact us once it has been assigned. 

XX/XX/XXXX - still have not received funds or an update.",Web,None,Student loan — Dealing with your lender or servicer,2024-01-18T01:38:31.000Z,,8170899
"Today was the second time calling me about this debt. They say there was a complaint filed against me by XXXX XXXX XXXX  for money owed. They also say that something was sent to me be registered mail ( I never got anything from anybody ) they would not even send me proof of the debt showing me what I owe! They also say that there will be a case filed in county court and will asses lawyers fees and other fees to make the amount larger.

I believe this to be a scam because my information was sold by a payday loan company and now I am getting all kinds of emails and now these phone calls about money I dont owe. Any payday loan I had was listed in my previous bankruptcy and cleared of that debt.

There is nothing on my credit report dealing with XXXX XXXX XXXX. Im putting a freeze on my credit report.",Web,Servicemember,Debt collection — Attempts to collect debt not owed,2024-01-18T16:59:39.000Z,,8179667
"In XXXX of XXXX, I submitted my first student loan payment through Ed Financial Services using their online payment tool. I made a one-time payment of {$500.00} and it covered my XXXX and XXXX payments. On that day, I received payment confirmation of the {$500.00} via email. On the next business day, I received an additional payment confirmation email for {$500.00}. When I checked my bank account, EdFinancial Services did in fact take the {$500.00} payment twice. I contacted their customer service number and explained the situation. The customer service rep ensured me that they requested a refund of the {$500.00} from their financial dept. on XX/XX/XXXX. The rep also stated that they did not have a specific time frame for when that refund would process. I waited 4 weeks. I called EdFinancial back on XX/XX/XXXX and inquired about the status of the refund. After being on hold for 25 minutes, they determined that the original refund request did not "" go through ''. I let them know that this overcharge to my bank account was their fault, not mine at that I was now behind in other monthly expenses. The customer service rep specified that they were entering an "" emergency refund request '' and apologized for the delay on the original request. They still informed me that they could NOT give me a timeframe or any way to follow up with the department that handles refunds. On XX/XX/XXXX, still no refund. I call customer service and request to speak with a supervisor. They stated that one would call me back in 24-48 hours. They called me back when I was at work and could not answer the call. I repeated this process about 2 more times, each time the call back coming through at a random time the next day and not where I could answer. My XX/XX/XXXX statement was also showing that they had already refunded the overpayment in XXXX... .that never happened. It is now XX/XX/XXXX and I still have not received the refund of {$500.00} that THEY mistakenly took from my bank account. I am XXXX XXXX XXXX and have never experienced this type of financial business model where the financial institution mistakenly takes more money from the customer than what was agreed to, then tells the customer that they can "" give no time frame for when that refund will be processed '' AND not give the customer any way to follow up, AND show on a financial statement that the refund has processed WHEN IT HAS NOT! It has been three months and I have still not received my refund that is due to me. This absolutely does not help any type of customer confidence moving forward.",Web,None,Student loan — Dealing with your lender or servicer,2024-01-18T18:30:10.000Z,,8179387
"I paid EdFinancial, my XXXX Loan Servicer, my payment due amount of XXXX on XX/XX/2023 and XX/XX/2023. To date, those payments have not been applied. 

I provided proof of payment on or about XX/XX/2023 for the XX/XX/2023 payment, and then proof for both payments again on or about XX/XX/2023. 

Both payments were debited from my bank account as expected.

I've received no correspondence from them on the matter, other than a 30 past due notice, which is false.",Web,None,Student loan — Dealing with your lender or servicer,2024-01-18T18:16:40.000Z,,8181609
"Very unethical company! For the first XXXX months of loan repayments starting in XXXX XXXX XXXX, the wait time on phone calls was XXXX hours and their online chat function was not XXXX, but would disconnect with you after you submitted all your personal information. Their email auto-response said to allow up to XXXX days for a response ; in fact it took weeks to get feedback. For my account, they under-represented my payments by several XXXX dollars ... for weeks my online account status was incorrect in their favor. 

Out of an abundance of caution, I overpaid my account by {$51.00} in XXXX. Many weeks/months went by with no refund. On my initial contact to the company, they told me they had issued my refund XX/XX/2023. When I replied that I did not receive this refund, they replied ( days/weeks in between emails of course ) that the US Dept . of Education dictates refund timeline. Every time I finally get a reply from them, it's different than their previous message. ED Financial has owed me {$51.00} for over XXXX months now. I realize it's a small amount of money, but this is more about principle. This is an AWFUL company with awful, deceiving business practices. Imagine how much profit they enjoy from holding people 's money like mine and making interest on it! {$51.00} across tens of thousands of loan recipients must be a cash cow for XXXX XXXX and his awful business!",Web,None,Student loan — Dealing with your lender or servicer,2024-01-18T20:39:23.000Z,,8178169
"Loans are for children that are still enrolled in college fulltime. ED Financial is sending me invoices for funds due. 

I have called and emailed multiple times since XX/XX/XXXX  and provided all documentation that has been requested. I even had the school fill out forms that acknowledged full time enrollment. 

This is approaching 6 months of harassment, fraud and a massive waste of my time. 

ED F said they will resolve the problem, but nothing is done. 

I just received another email today about a payment due",Web,None,Student loan — Dealing with your lender or servicer,2024-01-18T22:28:38.000Z,,8177814
"I contacted Brown and Joseph LLC about my amount owed to XXXX XXXX XXXX that they were attempting to collect a debt of which I acknowledged the amount from them wad {$260.00}. I authorized to pay {$50.00} bi- weekly until amount was paid. Payments dates were as followed XX/XX/XXXX and XXXX, XX/XX/XXXX and XXXX, XX/XX/XXXX was {$50.00} leaving a balance of {$10.00} of which I called said company and said please take the XXXX on XX/XX/23. Then said representative stated when she tried to say I still owed another {$190.00}. I have the original letter from Brown and Joseph LLC and my final statement from XXXX XXXX XXXX with the exact amount of {$260.00}. Starting again on XX/XX/23 {$50.00} started being taken from my account and continued on XX/XX/23, XX/XX/23 & XX/XX/23. I at this pointed asked why these funds where taken and they gave me a credit on XXXX of {$45.00} and one of {$14.00} and reversed a payment that was pending from my account On XX/XX/23. I could never get a answer as to where she got the additional amount she said I owed as I spoke to XXXX XXXX XXXX and said they had nothing matching that said figure. These amounts drawn from my account caused a fee of {$28.00} for each amount taken.",Web,"Older American, Servicemember",Debt collection — False statements or representation,2024-01-19T01:28:37.000Z,,8176115
"AS A CONSUMER I AM SUBMITTING THIS REPORT TODAY, THE CREDIT REPORTING AGENCIES VIOLATED 18 USC 1028A, WHICH PROHIBITS AGGRAVATED IDENTITY THEFT. THIS VIOLATION OCCURED WHEN THESE ENTITIES FURNISHED INFORMATION WITHOUT MY CONSENT, INCLUDING THE REPORTS. ADDITIONALLY, THEY HAVE CONTRAVENED",Web,None,Credit reporting or other personal consumer reports — Incorrect information on your report,2024-01-19T01:35:54.000Z,,8175978
"AS A CONSUMER I AM SUBMITTING THIS REPORT TODAY, THE CREDIT REPORTING AGENCIES VIOLATED 18 USC 1028A, WHICH PROHIBITS AGGRAVATED IDENTITY THEFT. THIS VIOLATION OCCURED WHEN THESE ENTITIES FURNISHED INFORMATION WITHOUT MY CONSENT, INCLUDING THE REPORTS. ADDITIONALLY, THEY HAVE CONTRAVENED",Web,None,Credit reporting or other personal consumer reports — Incorrect information on your report,2024-01-19T01:35:54.000Z,,8175977
"For the past XXXX months I've been making payments through edfinacial services but everytime I've made a payment online the payment always gets reversed for no reason. I've called them many times but every time I ask them they always say "" I don't know ''. They said twice to call your bank. I called XXXX and they said all the bank info I've given them information is correct and that it's definitely edfinancial 's fault. The only somewhat effective payment strategy that I've done is debit card payment over the phone. However, even though they recieve the money because the method is auto allocate only the payment only ever goes to the first XXXX loans. Thus, I contiously end up with a past due amount on my other XXXX loans. I've recently made a payment online toward the past due amount. Right now it says they recieved it but I'm worried that either tomorrow or within the next few days it will once again be reversed for no given reason. Accoarding to my bank I'm being puinshed for their mistake.",Web,None,Student loan — Dealing with your lender or servicer,2024-01-18T22:36:22.000Z,,8177152
"XX/XX/year> : XXXX XXXX XXXX ( third-party ) sent a check totaling {$500.00} to the Department of Education for my EdFinancial account. 

XX/XX/year> : Check was cleared from XXXX XXXX XXXXXXXX XXXX  account and cashed by EdFinancial. However, the check was routed to EdFinancial 's old address. I spoke with EdFinancial at the end of XXXX and they mentioned it would be forwarded to EdFinancial 's new address. 

XXXX, XXXX : I held follow-up calls with EdFinancial but they still have not seen the payment. I have since sent other payments handled by XXXX XXXX XXXX and those have processed successfully, so it is this initial XX/XX/year> payment that is still outstanding. 

XX/XX/year> : At Edfinancial 's request, I attempted to upload documents ( proof of payment - front and back copy of cashed check and email correspondence between XXXX XXXX XXXX and myself confirming the check was cashed by EdFinancial, but not posted ) to my EdFinancial account to assist in expediting that process. 

XX/XX/year> : I spoke with EdFinancial again, and was told there was no record of EdFinancial receiving my documents. I resubmitted the documents via email and EdFinancial confirmed they were received.

It has now been over 6 months since I made this {$500.00} payment and it still has not posted to my account. EdFinancial will not give me a timeframe as to when this issue will be resolved.",Web,None,Student loan — Dealing with your lender or servicer,2024-01-19T05:45:34.000Z,,8175231
"On XXXX at XXXXXXXX XXXX A debt collector from ALLIED COLLECTION SERVICE called me but the phone call got cut off so he called from another phone number which is XXXX ( XXXX ) XXXX at XXXX I answered and he instantly said "" you need to pay your debt '' and didn't even say who it was I assumed it was someone else since it was a different number than the first one. I asked who it was and he said "" you know who this is! "" in a yelling tone and I said "" excuse me? '' and he said "" you need to legally pay for your debts '' and I responded "" excuse me you need to watch the way you are speaking to me '' and he said "" I do not need to watch anything '', so I ended the call! At XXXX He Called me once more and said ok since you don't want to pay we are going to continue to add more fee to your bill and I said ok and hung up again '' I believe you guys record the conversations when they call to collect a debt so please have the company review the conversation because that is no way to talk to someone especially on the job!",Web,None,Debt collection — Communication tactics,2024-01-19T00:10:16.000Z,,8176569
XX/XX/XXXX Funds was sent to me on google pay. I tried several times to verify my identity. XXXX  is XX/XX/XXXX my funds have not been released,Web,None,"Money transfer, virtual currency, or money service — Trouble accessing funds in your mobile or digital wallet",2024-01-19T04:25:46.000Z,,8175106
My loan was forgiven XX/XX/23 based on the IDR adjustment per the Department of Education and the XXXX XXXX. According the the discharge email and 2 calls to my servicer ( EdFinancial ) I am due back {$4500.00}. I have submitted two complaints to the Department of Education ( via studentaid.gov ) with the first being in XXXX of XXXX. No reply. I have called the servicer again and they have confirmed they have sent the info for repayment of the overage to the Department of Education. Its now been more than 5 months. I can not get ahold of a clear answer on where the refund stands. Can anyone help?,Web,None,Student loan — Dealing with your lender or servicer,2024-01-19T02:13:31.000Z,,8175634
Everytime I make a payment they send me emails saying it will be processed and they thank me for it but then a few days later without any notice the payment reverses and then I fall behind because they fail to tell me. I have plenty of money in my account to cover these expenses and my bank doesnt have issues as I have already been in contact so it leads me to believe that this has been done on purpose. I have researched and have found many people having a similar issue!,Web,None,Student loan — Dealing with your lender or servicer,2024-01-19T13:12:03.000Z,,8186533
"XXXX XXXX  notified me about a credit card problem. Believe now it was pushing call. Connected me to case manager at National Protection Bureau talked debt settlement and connected me to Financial Solutions Group. XXXX. 
Spent hour on phone talking to XXXX XXXX XXXX. He transferred me around and then disconnected. 
I then got a call from XXXX at XXXX XXXX XXXX in NJ XXXX. She said I referred to them, not sure by whom. I explained it all to her. She felt that I was scammed.",Web,"Older American, Servicemember",Debt or credit management — Charged upfront or unexpected fees,2024-01-19T14:23:36.000Z,,8188467
"I was going through a rough patch in my life I needed a quick loan for a lawyer and I found maxlend. Quick and polite people, now I found out my apr is 588.38 % .Telling me I cant have any type of lawsuits. Ive already over XXXX for a {$1200.00} loan barely a dent was made.These people rob the poor and take advantage .Everyweek money is taken out .Predatory loaning at its best.",Web,None,"Payday loan, title loan, personal loan, or advance loan — Confusing or misleading advertising or marketing",2024-01-19T12:50:28.000Z,,8186487
"I have been trying to get my student loan servicer, XXXX, to process my XXXX XXXX education award for four months now. I submitted my payment on XX/XX/XXXX, and was told by multiple EdFinancial agents that it would be processed by their finance department in 14 days. This did not happen. I would wait on hold for up to 4 hours, or wait for a call back and never get it. Every agent has told me something different about timelines. In XXXX of 2023, EdFinancial told me I needed to upload proof of payment, which was not told to me by any other agent up to this point, there was no location to upload proof of payment, but I uploaded it to a few other document spaces and emailed, and I see it in my Edfinancial account inbox as having been sent in. I also saw an update on XXXX end ( they have done everything correctly and in a timely fashion, unlike EdFinancial ) that it was accepted by the Institution ( this was over 3 months after my XXXX submission ). It said the payment was accepted by the Institution on XX/XX/XXXX. On XX/XX/XXXX, I had called ( as usual, about every two weeks to check status ). I was told that they would escalate my case to emergency status, and it would take 10 business days to process. Nothing changed. I called again, and asked if I would need to make my monthly payments to avoid credit score impact. They told me nothing would impact my credit score, and that I did not need to pay. I would get no warnings. However, in XXXX my payment was labelled delinquent. I paid because I was nervous about my credit score and financial standing. I talked to a supervisor. She said I didn't need to pay. She said she would submit the emergency request ( which was never filed, although I was told by the agent in early XXXX it was ). She would also submit a forbearance request. Neither of these have processed, now a month later. Every agent says they can't talk to finance, and finance can choose when they want to process the payment. I have been responsible, and XXXX and I have submitted all proof. 

I would like to file a complaint based on misinformation I was given on timeline. I was promised 6-10 days processing. Then 10-14. Then 30 - 60 days. Then 60+ days. Finally on XX/XX/XXXX I was told I was "" misguided '' and that there is no processing turn-around time. Finance has no deadline.",Web,None,Student loan — Dealing with your lender or servicer,2024-01-19T15:19:40.000Z,,8188817
"I received a credit card charge yesterday for {$1.00} for something I did not sign up for. Following the charge on XXXX, I was led to "" Your Score and More ''. After 15 minutes, the service line ( that I had to dig for a long time to find, as the one on the website is clearly fake ) finally answered and it sounded like someone was loudly watching football. Preprepared script attempting to upsell and wouldn't take no for an answer until I said I was going to report them.",Web,None,Credit reporting or other personal consumer reports — Credit monitoring or identity theft protection services,2024-01-19T20:22:50.000Z,,8183025
I have try to dispute this off my credit report I honestly dont know where this debt is what kind of debt it is. I asked for a contract showing the dates. They say they dont provide that information because they are a third party. Which does not make sense to me they have also said they sent out documentation to my mailing address back of XX/XX/2023 which I did not ever receive. I honestly think this company is just scamming people saying they owe money when they dont I would like for this issue to be resolved as soon as possible.,Web,None,Debt collection — Attempts to collect debt not owed,2024-01-19T19:46:09.000Z,,8182793
"Hello, My student loan service provider, EdFinancial has not been communicative in all my phone/email attempts. 

Prior to student loans resuming collection, I went in and paid off the full amount on one of my loans for a total of {$20000.00}. 

However, on XX/XX/XXXX, autopay processed before that went though. As a result this caused a credit on that loan of {$260.00} owed back to me. 

I've reached out via phone and email about this situation and was told they would look into it on phone and get back to me, to which they have not. In email I wrote and got a reply back telling me great job paying off two seperate loans, which I had paid off years ago, so this wasn't relevant at all to what I was asking. I've coninued calling regularly requesting time and time again that this credit be issued back to me or applied to the balance of my still existing loans and haven't had any luck. 

This has been going on for over 2 months now.",Web,None,Student loan — Dealing with your lender or servicer,2024-01-19T16:26:22.000Z,,8189140
"On XX/XX/XXXX at XXXXXXXX, I purchased a XXXX card ( aka Vanilla Visa ) with a balance of {$80.00} from XX/XX/11. I made two purchases on XXXX ( $ XXXX {$30.00} ), after which the card was locked and I was unable to check my balance. Another purchase on XXXX for {$10.00} failed so I called them on XX/XX/XXXX at XXXXXXXX 

The customer service rep took my full information and asked me to verify transactions. I mentioned all three above. He did not feel that this was enough and wanted to send me a replacement. I asked for the card to be unlocked and he refued. 

I asked why the card was locked and he wouldn't tell me. He also wouldn't tell me the remaining balance. At this point I felt uncomfortable and requested a final unlocking of the card which was refused. He then hung up on me.",Web,None,Prepaid card — Trouble using the card,2024-01-19T22:06:22.000Z,,8183928
"According to the Fair Credit Reporting Act 15 USC 1681 section 602, There is a need to insure that consumer reporting agencies exercise their grave responsibilities with fairness, impartiality, and respect for the consumer 's right to privacy. XXXX, XXXX and XXXX are consumer reporting agencies and I am the consumer. I have the right to make sure my private information isn't shared which is backed by 15 USC 6801 which states. '' It is the policy of the Congress that each financial Institution has an obligation to respect the privacy of it's customers and to protect the security and confidentiality of those customers non public personal information. The financial institution and the consumer reporting agencies XXXX, XXXX and XXXX do not have my consent to furnish this information and they surely do not have my written consent. Any and all consent to XXXX, XXXX and XXXX whether it be verbal, non verbal, written, implied or otherwise is revoked. XXXX, XXXX and XXXX are not maintaining reasonable procedures. Also 12 CFR 1016.7 states that '' A consumer may exercise the right to opt out at any time. '' I am opting out of your reporting services.",Web,None,Credit reporting or other personal consumer reports — Improper use of your report,2024-01-20T06:19:52.000Z,,8189873
"Context : I had a different student loan server before covid and during the "" Student loan pause '' it got switched to Ed Financial. 

My monthly payment is {$50.00} and within that, interest is about {$7.00}. I paid {$200.00} to get ahead and they took out {$83.00} in interest. I called to ask why and they could not give me an answer and I left the 40 minute call without a resolution. She agreed that the numbers did not add up but she said there was nothing she could do and could not provide a breakdown with real numbers. 

I also paid {$300.00} ( in addition to my monthly payment ) before i saw the breakdown and immediately called. I asked if she could cancel the payment until we figured this out and she said there was nothing she could do. The payment is still pending as I type this. I'm worried they will the the same to that payment. 

Lastly, the numbers on each of my 3 loans do not add up to the numbers in my FAFSA account. They are each elevated and she also said she could not do anything about it.",Web,None,Student loan — Dealing with your lender or servicer,2024-01-19T23:29:42.000Z,,8184655
"According to the fair Credit Reporting Act 15 USC 1681 section 602, There is a need to insure that consumer reporting agencies exercise their grave responsibilities with fairness, impartiality, and respect for the consumer 's right to privacy. XXXX, XXXX and XXXX are consumer reporting agencies and I am the consumer. I have the right to make sure my private information isn't shared which is backed by 15 USC 6801 which states, it is the policy of the congress that each financial institution has an affirmative and continuing obligation to respect the privacy of it's consumers and to protect the security and confidentially of those consumers non public personal information. The financial institution and the consumer reporting agencies XXXX, XXXX and XXXX do not have my consent to furnish this information and they surely do not have my written consent. Any and all consent to XXXX, XXXX and XXXX whether it be verbal, non verbal, written, implied or otherwise is revoked. These companies are not maintaining reasonable procedures. Also 12 CFR 1016.7 states that '' A consumer may exercise the right to opt out and at any time. '' I am opting out out of your reporting services.",Web,None,Credit reporting or other personal consumer reports — Improper use of your report,2024-01-20T01:00:46.000Z,,8185189
"On XX/XX/XXXX I called American Credit Acceptance and made my monthly car payment with a representative of that agency by paying with a check over the phone confirmation # XXXX. On XX/XX/XXXX I received a text saying that check was returned due to insufficient funds. I called on XX/XX/XXXX to tell them this was a mistake there were funds in that account and was told that my XX/XX/XXXX payment had gone through and my next payment was due on XX/XX/XXXX. I got a text from ACA before my XXXX payment was due saying my account was 30 days past due. I called and spoke to several people at ACA and ultimately spoke to the manager, XXXX, who stated that they probably entered the information wrong and that's why check was returned. I asked for to listen to the call on XX/XX/XXXX where the representative said my XXXX payment was ok and my next payment was due XX/XX/XXXX. XXXX said she did not hear that part of the call and that she would have someone else listen to the call and she would call me tomorrow ( XX/XX/XXXX around XXXX ). This now means I owed over {$2000.00} for my car payment this month which I don't have, it will affect my credit score and I will have late fees because of a mistake in their end and me being told by ACA that my XXXX payment had gone through. I have the call with XXXX the manager recorded. She said they keep their recorded calls for at least a year because I did not want it to mysteriously disappear.",Web,None,Vehicle loan or lease — Managing the loan or lease,2024-01-19T20:49:29.000Z,,8183462
"Property is stating that I owe balance for an apartment I never lived in. My identification was used to secure this rental without my knowledge, and company has refused to delete derogatory remarks even with police report.",Web,Servicemember,Debt collection — Attempts to collect debt not owed,2024-01-19T22:41:52.000Z,,8184329
"According to the Fair Credit Reporting Act 15 USC 1681 section 602, There is a need to insure that consumer reporting agencies exercise their grave responsibilities with fairness, impartiality, and respect for the consumer 's right to privacy. XXXX, XXXX and XXXX are consumer reporting agencies and I am the consumer. I have the right to make sure my private information isn't shared which is backed by 15 USC 6801 which states. '' It is the policy of the Congress that each financial Institution has an obligation to respect the privacy of it's customers and to protect the security and confidentiality of those customers non public personal information. The financial institution and the consumer reporting agencies XXXX, XXXX and XXXX do not have my consent to furnish this information and they surely do not have my written consent. Any and all consent to XXXX, XXXX and XXXX whether it be verbal, non verbal, written, implied or otherwise is revoked. XXXX, XXXX and XXXX are not maintaining reasonable procedures. Also 12 CFR 1016.7 states that '' A consumer may exercise the right to opt out at any time. '' I am opting out of your reporting services.",Web,None,Credit reporting or other personal consumer reports — Improper use of your report,2024-01-20T03:06:29.000Z,,8185865
As a Federal Protected Consumer I have a Consumer right and Privacy right to those who house and give out my non public personal information. As I never given authorization the following companies have and disclose my information to non-affiliated third party companies.,Web,None,Credit reporting or other personal consumer reports — Improper use of your report,2024-01-20T06:05:10.000Z,,8187275
"On XX/XX/year> on a Monday, I processed a {$200.00} loan to pay a contractor at first. That is the lowest amount that I can borrow at the time. However, I noticed I need to pay the minimum of my other merchant credit card monthly charge that I was due this XXXX. By the way, I get {$400.00} as income from my mother every month except XXXX. Currently, I am XXXX  with XXXX. Mine you, I didn't pay full of my maximum amount XXXX charge of this same merchant credit card. This merchant lender was demanding {$170.00} for the minimum to pay for XX/XX/year>. I use the {$200.00} to pay the minimum of {$170.00}. Before I accepted the online agreement, I checked the number of installments and how much they were charging me for each month. They gave a layout of the amount due for each month and the last installment amount for that month. As I study through this layout, my last installment was due on XX/XX/year> with an amount of {$110.00} and some changes. As I look at XX/XX/year> amount it tells {$110.00} and some changes. Remember, I borrowed {$200.00}. That was it at the time. I accepted the online agreement. So far that was it and they wired the {$200.00} to my bank account. 

The next days, Something came up where I needed to borrow again {$92.00} to pay for a background check of a company that is willing to hire me. I went and called the same lender about that amount of {$92.00} and that is when I found out from the lady who worked there of a total installment of 16 and an APR of 588 %. The layout shows 2 installments. ending this XX/XX/year>. They frauded me and deceived me. I still need the {$92.00} for the background check for that job which is due on Saturday.",Web,None,"Payday loan, title loan, personal loan, or advance loan — Charged fees or interest you didn't expect",2024-01-20T09:05:37.000Z,,8193542
"Collection called numerous times demanding money, required rights and nothing. Finally paid debt and nothing was reported to the back or credit union",Web,None,Debt collection — Written notification about debt,2024-01-20T18:44:25.000Z,,8192735
As a Federal Protected Consumer I have a Consumer right and Privacy right to opt out those who house and give out my non public personal information. As I never given authorization the following companies have and disclose my information to non-affiliated third party companies.,Web,None,Credit reporting or other personal consumer reports — Improper use of your report,2024-01-20T20:07:11.000Z,,8192358
Item was placed on my credit report with no knowledge of debt. I have never been contacted by Wakefield and associates or received any validation of debt.,Web,None,Debt collection — Written notification about debt,2024-01-20T10:58:23.000Z,,8193512
"On XX/XX/, I received an email notification informing me about a collection debt of {$840.00} on my account. I was taken aback as I had never received any prior communication regarding this debt, not even from the collection agency. I found out about it only when I saw it on my credit report. 

When I called the collection agency, they asked me for my phone number to locate my account, but they couldn't find anything on their system. They then asked me for my social security number to search for the account, but even with that information, they were unable to locate it. The person on the phone hung up on me after that. 

I called again and spoke to someone else, but they were also unable to find any information about my account. However, this time, the person did not hang up on me. They said they would create a case for me and get back to me in 2 to 3 days, but I have not heard anything yet. 

I am in urgent need of help to get this debt removed from my account.",Web,None,Debt collection — Attempts to collect debt not owed,2024-01-20T16:39:50.000Z,,8191750
"EdFinancial has been unresponsive with handling my repayment plan update application, XXXX loan forgiveness application, and request for status updates. 

XXXX : XX/XX/XXXX : XXXX Loan Forgiveness Application submitted to Edfinancial. Response received, stating "" Please allow approximately 30 business days for processing and we will notify you if anything else is needed. '' XX/XX/scrub>XX/XX/XXXX : SAVE repayment plan application submitted through studentaid.gov, which should was sent to Edfinancial. 

XX/XX/scrub>XX/XX/XXXX : No response or update about the XXXX Loan Forgiveness Application or SAVE plan application. 

XX/XX/XXXX : SAVE repayment plan not processed by Edfinancial. Loan repayment requirements re-started by the Biden administration. Balance began to build on my account because of the delay in having the SAVE repayment plan application processed. 

XX/XX/scrub>XX/XX/XXXX : Status request sent to Edfinancial via email. No response received. SAVE plan not applied to account. XXXX Loan Forgiveness Application not processed. 

XX/XX/XXXX : Status request sent to Edfinancial via email. No response received. SAVE plan not applied to account. XXXX Loan Forgiveness Application not processed. 

XX/XX/scrub>XX/XX/XXXX : SAVE application and XXXX Loan Forgiveness Application resubmitted through Edfinancial website. Neither were processed in XXXX. 

XX/XX/XXXX : SAVE application finally processed and applied to my account, but now I owe an unaffordably high balance that should not even be a balance, because of the multiple month delay in Edfinancial processing my SAVE plan application. No update in the XXXX Loan Forgiveness Application. 

*Mutiple calls were placed to the customer service phone line, each with a hold time over 200 minutes, never successfully connecting with a customer service representative.",Web,Servicemember,Student loan — Dealing with your lender or servicer,2024-01-20T16:10:03.000Z,,8192940
"I have tried no less than four times to enroll in auto-payment but it isn't working. I keep getting late payment notices and then need to log in and make a manual payment. At one point I was given the excuse that I need to wait a billing period for the changes to stick, and it still didn't work. This is causing an enormous amount of stress. To that end, I have reached out to the company in writing and received no response. Further, my complaint wasn't visible in my sent messages inbox, as if they kept no record of it. Thankfully I have screenshots of my most recent attempt to sign up for auto-payment as well as my attempted written communication to the company. I need to get signed up for auto-payment, and I believe this predatory behavior needs to be addressed on a broad scale because it is probably affecting many more people than me. In fact, I know it is because I've read identical reviews from other people online.",Web,None,Student loan — Dealing with your lender or servicer,2024-01-20T16:45:58.000Z,,8193029
"EdFinancial has not applied two payments I made on XX/XX/2023 ( see other complaint about that ). They admit they got the money on XX/XX/XXXX, but can't seem to post my payments and can't tell me when they will post these payments.

Unfortunately they have now issued me an incorrect 1098T showing interest paid from only one payment not the three payments I've made in XXXX.

Called to request they correct but just this morning I got email saying they issued my 1098T. It's still wrong. 
How can I file my taxes This is completely messed up Please do something",Web,None,Student loan — Dealing with your lender or servicer,2024-01-20T11:50:48.000Z,,8193457
"I got this letter in the mail and have had a {$860.00} charge to my bank that I was never aware of that would take place. 
I have a loan in the amount of {$32000.00} under my name that I was never aware of nor did I receive compensation for. 
The SST account number is : XXXX. 
Could you please contact me in regards to this and explain why I am being charged this and how to be repaid for a loan that I never took and if I have been victim of identify theft. 
Email : XXXX XXXX : XXXX.",Web,None,Debt collection — Attempts to collect debt not owed,2024-01-21T03:57:53.000Z,,8191826
XXXX verify is using my copyrighted intellectual property to furnish information to XXXX without my expressed or written consent. Provide me with evidence that proves you can furnish this information about me. How was this alleged eviction verified? Resident verify does not have permission to obtain my consumer report.,Web,None,Credit reporting or other personal consumer reports — Improper use of your report,2024-01-21T07:43:05.000Z,,8191130
"Due to me purchasing a home, I reviewed my credit report. I found many discrepancies. First listed on account was a charged off from XXXX XXXX ( XXXX ) The amount listed was for XXXX dollars because it was charged off. I was never informed that the account was sold to XXXX XXXX  XXXX. For the amount of {$2300.00} I received a phone call with this information and advised that all collection efforts needs to cease and to provide the following documentation ( disputed account ) : ( 1 ). Proof that you either own or were assigned the debt from the creditor.

( 2 ). Proof that you have the right to collect this debt in my state.

( 3 ). Proof that your company carries a bond.

( 4 ). Proof of how your company assessed the outstanding debt.

( 5 ). Payment history from the original creditor.

( 6 ). Name and address from the original creditor.

( 7 ). Copy of the original contract bearing my signature.

( 8 ). Chain of title on this debt.

( 9 ). Proof that you can collect this debt from me.

( 10 ). Do you own it or is this debt assigned?

( 11 ). Copies of all letters sent to me from you and from the original creditor.

( 12 ). How much did you buy the debt for?

( 13 ). When was the last date a payment was made on this debt?

( 14 ). What fees/interest was tacked onto the debt?

( 15 ). How were the fees determined? 
To date I have not received any of the requested documents. 
XXXX XXXX failed to notify me that the debt was brought and allow me time to dispute. XXXX XXXX Failed to send notification via mail to formally dispute account. My rights as a consumer has been violated due to failure to notify and for reporting inaccurate information. 

Also, There is an additional account reporting from BMG loans at work LLC with an amount of {$2300.00}. 

BMG Money, XXXX XXXX and BMG loansatwork are duplicating allege debt amount and hurting my credit profile. 

This a clear violation of FCRA laws for failing to : -notify every credit reporting agency involved that you dispute the debt -submit corrected information to the credit reporting agency subsequent to investigating your dispute -refrain from continuing to submit information that it knows ( or should know ) is incorrect -conduct an internal investigation of your dispute within 30 days BMG is double dipping by charging off the account as a loss, selling the alleged debt and reporting an owed balance under a different companys name. 

I also dont recall giving BMG Money authorization to contact me via email.",Web,None,Credit reporting or other personal consumer reports — Incorrect information on your report,2024-01-20T21:41:26.000Z,,8192132
"I have an investment account with Robinhood. They indicated they were terminating my account due to a violation of agreement terms and conditions. This occurred on XX/XX/2024. On XX/XX/XXXX, they indicated they could not verify the source of remaining funds in the account. They asked for additional documentation to validate the funds, which I provided. I sent a written communication via email on XX/XX/XXXX requesting them to disperse my money. Since then, they have not been willing to communicate with me. I simply want the money in the account transferred back to me. It is my money and they refuse to even engage.",Web,Older American,"Money transfer, virtual currency, or money service — Other transaction problem",2024-01-20T18:40:39.000Z,,8192643
As a Federal Protected Consumer I have a Consumer right and Privacy right to opt out those who house and give out my non public personal information. As I never given authorization the following companies have and disclose my information to non-affiliated third party companies.,Web,None,Credit reporting or other personal consumer reports — Improper use of your report,2024-01-20T20:00:12.000Z,,8192455
"I have no association with this company and have never heard of them. The company does not have my written consent to use any of my information or my signature in a commercial manner. Additionally, it is unlawful to report medical bills on a credit report. I have not shared my information with this company or given anyone else permission to share it and especially publicaly.",Web,None,Credit reporting or other personal consumer reports — Improper use of your report,2024-01-21T08:58:20.000Z,,8191119
"I applied for loan payments to direct deposit in XXXX of XXXX with the expectation that direct deposit would start in XXXX as per Edfinancials website. At the end of XXXX XXXX I found that Edfinancial had never started direct deposit and I was XXXX loan payments behind, and technically 2 months late in payments. I called Edfinancial at the end of XXXX, a representative confirmed that they had record of me applying for direct deposit in XXXX of XXXX and proceeded to inform me that there was a delay in acceptance of direct deposit applications. At no point in time was I notified of this delay, or the possibility that I would have to manually pay my loan every month. At that point in time, I had to pay XXXX unexpected extra loan payments in addition to XXXX payment due to Edfinancials negligence, which I could not reasonably afford. When discussing the problem with an Edfinancial representative they assured me that my application would be approved by the time my next payment was due in XXXX, and upon my next due date I found that my direct deposit was again never put into effect. I feel that this problem is at the very least negligence, if not a deliberate attempt to gain extra interest and late fees from borrowers.",Web,None,Student loan — Dealing with your lender or servicer,2024-01-21T19:02:29.000Z,,8196941
"Peoples commerce inc XXXX XXXX XXXX XXXX  XXXX pa XXXX This account is paid in full and is closed. This company no longer exists as well. Its reporting on my credit as paid in full and last update XX/XX/year>. Status also reports pays as agreed. Paid off 100 percent. This account is reporting a balance of XXXX . Please remove this from my credit report. Date opened is reporting XXXX XXXX. 
Contact number for this account is listed as XXXX XXXX  This is reporting on my XXXX.",Web,None,Credit reporting or other personal consumer reports — Incorrect information on your report,2024-01-21T23:04:11.000Z,,8196220
"To the CFPB : 15 USC 6805 Enforcement. ( a ) In general Subject to subtitle B of the Consumer Financial Protection Act of 2010 [ 12 U.S.C. 5511 et seq. ], this subchapter and the regulations prescribed thereunder shall be enforced by the Bureau of Consumer Financial Protection, the Federal functional regulators, the State insurance authorities, and the Federal Trade Commission with respect to financial institutions and other persons subject to their jurisdiction under applicable law, ALL ACCOUNTS ARE IN VIOLATION OF THE PRIVACY ACT OF 1974 ( 5 U.S.C subsection 552a ) Important Definitions ( 4 ) the term record means any item, collection, or grouping of information about an individual that is maintained by an agency, including, but not limited to, his education, financial transactions, medical history, and criminal or employment history and that contains his name, or the identifying number, symbol, or other identifying particular assigned to the individual, such as a finger or voice print or a photograph ; This includes consumer reports. ( b ) Conditions of Disclosure. No agency shall disclose any record which is contained in a system of records by any means of communication to any person, or to another agency, except pursuant to a written request by, or with the prior written consent of, the individual to whom the record pertains, unless disclosure of the record would be ( 12 ) to a consumer reporting agency in accordance with section 3711 ( e ) of title 31. They need prior written instruction of the individual to whom it relates. Section 3711 ( e ) of title 31 States ( 1 ) When trying to collect a claim of the Government under a law except the Internal Revenue Code of 1986 ( 26 U.S.C. 1 et seq. ), the head of an executive, judicial, or legislative agency shall disclose to a consumer reporting agency information from a system of records that a person is responsible for a claim if ( E ) the head of the agency has established procedures to ( iii ) get satisfactory assurances from each consumer reporting agency that the agency is complying with all laws of the United States related to providing consumer credit information. There are accounts that are reporting as Charge offs. CHARGE OFFS ARE CONSIDER CERTIFICATES OF INDEBTNESS AND 1099-C ARE FILED. When a debt is charged off by a creditor, it means the creditor has given up on attempting to collect the debt and has declared it as a loss for tax purposes. When a creditor charges off a debt, they're required to file a 1099-C form with the IRS, which reports the amount of the canceled debt as income. This means that I may owe taxes on the charged-off amount, even though I didn't receive any money from the creditor. According to the IRS Publication 4681 ( 2022 ) Canceled Debts, Foreclosures, Repossessions and Abandonments. Under introduction it states : Generally, if you owe a debt to someone else and they cancel or forgive that debt for less than its full amount, you are treated for income tax purposes as having income and may have to pay tax on this income. Also, under General Rule it states : Generally, if a debt for which you are personally liable is forgiven or discharged for less than the full amount owed, the debt is considered canceled in whatever amount it remained unpaid. Generally, you must include the canceled debt in your income. A debt includes any indebtedness : For which you are liable, or Subject to which you hold property. Per the IRS, charge offs are considered income and income can not be reported on my credit report. They MUST be REMOVED! XXXX is reporting the following charge off FROM MASTER FINANCE XXXX XXXX XXXX XXXX XXXX XXXX, MO XXXX. 
This account is in violation of 15 USC 1681 ( a ) Accuracy and fairness of credit reporting The Congress makes the following findings : ( 1 ) The banking system is dependent upon fair and accurate credit reporting. Inaccurate credit reports directly impair the efficiency of the banking system, and unfair credit reporting methods undermine the public confidence which is essential to the continued functioning of the banking system. ( 3 ) Consumer reporting agencies have assumed a vital role in assembling and evaluating consumer credit and other information on consumers. ( 4 ) There is a need to insure that consumer reporting agencies exercise their grave responsibilities with fairness, impartiality, and a respect for the consumers right to privacy. This same account is in violation of the following 15 USC subsection 6802 Obligation with respect to disclosures of personal information. ( a ) Notice requirements- Except as otherwise provided in this subchapter, a financial institution may not, directly or through any affiliate, disclose to a nonaffiliated third party any nonpublic personal information, unless such financial institution provides or has provided to the consumer a notice that complies with section 6803 of this title. ( b ) Opt Out ( 1 ) In general A financial institution may not disclose nonpublic personal information to a nonaffiliated third party unless ( a ) such financial institution clearly and conspicuously discloses to the consumer, in writing or in electronic form or other form permitted by the regulations prescribed under section 6804 of this title, that such information may be disclosed to such third party ; ( b ) the consumer is given the opportunity, before the time that such information is initially disclosed, to direct that such information not be disclosed to such third party ; and the consumer is given an explanation of how the consumer can exercise that nondisclosure option 16 CFR 313.1 Purpose. This part governs the treatment of nonpublic personal information about consumers by the financial institutions listed in paragraph ( b ) of this section. This part : ( 1 ) Requires a financial institution in specified circumstances to provide notice to customers about its privacy policies and practices ; ( 2 ) Describes the conditions under which a financial institution may disclose nonpublic personal information about consumers to nonaffiliated third parties ; and ( 3 ) Provides a method for consumers to prevent a financial institution from disclosing that information to most nonaffiliated third parties by opting out of that disclosure, subject to the exceptions in 313.13, 313.14, and 313.15. 16 CFR 314- Standards for safeguarding customer information. Also see 15 USC 6801 ( b ) 6805 ( b ) ( 2 ) I have not given Master Finance permission to furnish my information to third parties and I was not given notice of such furnishings. 15 USC subsection 1681b- Permissible purpose of consumer reports. ( a ) In general Subject to subsection ( c ), any consumer reporting agency may furnish a consumer report under the following circumstances and no other : ( 1 ) In response to the order of a court having jurisdiction to issue such an order, a subpoena issued in connection with proceedings before a Federal grand jury, or a subpoena issued in accordance with section 5318 of title 31 or section 3486 of title 18. ( 2 ) In accordance with the written instructions of the consumer to whom it relates. AGAIN, I DID NOT GIVE WRITTEN CONSENT TO FURNISH ANY OF THE ABOVE ACCOUNTS ON MY CREDIT REPORT. 15 USC subsection 1681c- Requirements relating to information contained in consumer report. ( 5 ) Any other adverse item of information, other than records of convictions of crimes which antedates the report by more than seven year. WITH THE EXPECTIONS OF CONVICTION OF CRIMES, NOTHING SHOULD BE FURNISHED ON MY CREDIT REPORT. 15 U.S. Code 1681e - Compliance procedures ( a ) Identity and purposes of credit users Every consumer reporting agency shall maintain reasonable procedures designed to avoid violations of section 1681c of this title and to limit the furnishing of consumer reports to the purposes listed under section 1681b of this title. These procedures shall require that prospective users of the information identify themselves, certify the purposes for which the information is sought, and certify that the information will be used for no other purpose. Every consumer reporting agency shall make a reasonable effort to verify the identity of a new prospective user and the uses certified by such prospective user prior to furnishing such user a consumer report. No consumer reporting agency may furnish a consumer report to any person if it has reasonable grounds for believing that the consumer report will not be used for a purpose listed in section 1681b of this title. ( b ) Accuracy of report Whenever a consumer reporting agency prepares a consumer report it shall follow reasonable procedures to assure maximum possible accuracy of the information concerning the individual about whom the report relates. By violating section 1681b for permissible purpose and 1681c for information contained in consumer reports they are also violating compliance procedures under this title. 15 U.S. Code 1681n - Civil liability for willful noncompliance ( a ) In general Any person who willfully fails to comply with any requirement imposed under this subchapter with respect to any consumer is liable to that consumer in an amount equal to the sum of ( A ) any actual damages sustained by the consumer as a result of the failure or damages of not less than { {$100.00} } and not more than { {$1000.00} } ; or ( B ) in the case of liability of a natural person for obtaining a consumer report under false pretenses or knowingly without a permissible purpose, actual damages sustained by the consumer as a result of the failure or { {$1000.00} }, whichever is greater ; 15 U.S. Code 1681s2 - Responsibilities of furnishers of information to consumer reporting agencies ( 1 ) Prohibition ( A ) Reporting information with actual knowledge of errors A person shall not furnish any information relating to a consumer to any consumer reporting agency if the person knows or has reasonable cause to believe that the information is inaccurate. ( B ) Reporting information after notice and confirmation of errors A person shall not furnish information relating to a consumer to any consumer reporting agency if ( i ) the person has been notified by the consumer, at the address specified by the person for such notices, that specific information is inaccurate; and ( ii ) the information is, in fact, inaccurate. As you can see, All the forementioned accounts must be removed from my credit report due to several violations.",Web,None,Credit reporting or other personal consumer reports — Improper use of your report,2024-01-22T15:51:38.000Z,,8202854
"Subject : Urgent Request for Removal of Unauthorized and Unverifiable Item from Credit Report Dear Wakefield & Associates, I am writing to express my deep concern regarding the unauthorized reporting of items on my credit report by your agency. I have never provided consent for Wakefield & Associates to access my credit report, and this infringement on my privacy raises serious concerns of identity fraud. 

I want to emphasize that even in cases of permissible purpose, the consumer 's consent is paramount, as outlined in the Fair Credit Reporting Act ( FCRA ) Section 604 ( a ) ( 3 ) ( B ). Additionally, Georgia state law, under Georgia Fair Business Practices Act ( O.C.G.A. 10-1-390 et seq. ), requires consumer consent for such activities.

I have not granted permission for the inclusion of this item within my consumer profile, rendering the reported item unverifiable. I demand the immediate removal of this unauthorized and unverifiable item from my credit report, in accordance with FCRA Section 611 ( a ) ( 1 ) ( A ) and relevant Georgia state laws.

I assert my right to have this matter resolved within 30 days from the receipt of this complaint, as mandated by FCRA Section 611 ( a ) ( 1 ) ( A ) ( i ) and corresponding Georgia statutes. Failure to comply within this timeframe will be considered willful noncompliance, in violation of FCRA Section 616 and Georgia state law.

Additionally, I request that Wakefield & Associates provide a written document from me, the consumer, that explicitly grants permission for your agency to access my consumer profile, as required by FCRA Section 604 ( a ) ( 2 ) ( A ) and Georgia law. This document should be submitted promptly. 

I trust that you will address this matter with the urgency and seriousness it deserves, in compliance with both federal and Georgia state laws. I appreciate your prompt attention to this issue and expect a resolution within the stipulated timeframe. 

Done in good faith.",Web,None,Debt collection — Attempts to collect debt not owed,2024-01-22T15:46:50.000Z,,8202250
"I logged in to get my XXXX  interest statement and found that my 4 payments that have been coming out of my bank account since my loan returned to repayment in XXXX have not been applied to my account which is serviced by Ed Financial on behalf of the Dept of Education. 

So not only is my account showing delinquent for 4 months, they have not applied my payments. When I asked in a chat when it would be fixed I was told due to backlogs this would be a few weeks. So after my next payment is due. 

I was told I should not use autopay. I was not even aware the payments were lost until I went to file my taxes  and wanted the tax statement. So who knows how long this would have remained this way had I not checked. 

They have to know and fix this in a more expeditious manner than saying it could take a couple of weeks is unacceptable when they have had my funds for up to 4 months. 

My account is being mismanaged and its very troublesome since repayment is a big character indicator to other creditors.",Web,None,Student loan — Dealing with your lender or servicer,2024-01-22T18:49:29.000Z,,8203854
"To the CFPB : 15 USC 6805 Enforcement. ( a ) In general Subject to subtitle B of the Consumer Financial Protection Act of 2010 [ 12 U.S.C. 5511 et seq. ], this subchapter and the regulations prescribed thereunder shall be enforced by the Bureau of Consumer Financial Protection, the Federal functional regulators, the State insurance authorities, and the Federal Trade Commission with respect to financial institutions and other persons subject to their jurisdiction under applicable law, ALL ACCOUNTS ARE IN VIOLATION OF THE PRIVACY ACT OF 1974 ( 5 U.S.C subsection 552a ) Important Definitions ( 4 ) the term record means any item, collection, or grouping of information about an individual that is maintained by an agency, including, but not limited to, his education, financial transactions, medical history, and criminal or employment history and that contains his name, or the identifying number, symbol, or other identifying particular assigned to the individual, such as a finger or voice print or a photograph ; This includes consumer reports. ( b ) Conditions of Disclosure. No agency shall disclose any record which is contained in a system of records by any means of communication to any person, or to another agency, except pursuant to a written request by, or with the prior written consent of, the individual to whom the record pertains, unless disclosure of the record would be ( 12 ) to a consumer reporting agency in accordance with section 3711 ( e ) of title 31. They need prior written instruction of the individual to whom it relates. Section 3711 ( e ) of title 31 States ( 1 ) When trying to collect a claim of the Government under a law except the Internal Revenue Code of 1986 ( 26 U.S.C. 1 et seq. ), the head of an executive, judicial, or legislative agency shall disclose to a consumer reporting agency information from a system of records that a person is responsible for a claim if ( E ) the head of the agency has established procedures to ( iii ) get satisfactory assurances from each consumer reporting agency that the agency is complying with all laws of the United States related to providing consumer credit information. There are accounts that are reporting as Charge offs. CHARGE OFFS ARE CONSIDER CERTIFICATES OF INDEBTNESS AND 1099-C ARE FILED. When a debt is charged off by a creditor, it means the creditor has given up on attempting to collect the debt and has declared it as a loss for tax purposes. When a creditor charges off a debt, they're required to file a 1099-C form with the IRS, which reports the amount of the canceled debt as income. This means that I may owe taxes on the charged-off amount, even though I didn't receive any money from the creditor. According to the IRS Publication 4681 ( 2022 ) Canceled Debts, Foreclosures, Repossessions and Abandonments. Under introduction it states : Generally, if you owe a debt to someone else and they cancel or forgive that debt for less than its full amount, you are treated for income tax purposes as having income and may have to pay tax on this income. Also, under General Rule it states : Generally, if a debt for which you are personally liable is forgiven or discharged for less than the full amount owed, the debt is considered canceled in whatever amount it remained unpaid. Generally, you must include the canceled debt in your income. A debt includes any indebtedness : For which you are liable, or Subject to which you hold property. Per the IRS, charge offs are considered income and income can not be reported on my credit report. They MUST be REMOVED! XXXX is reporting the following charge off FROM MASTER FINANCE XXXX XXXX XXXX XXXX XXXX XXXX, MO XXXX. 
This account is in violation of 15 USC 1681 ( a ) Accuracy and fairness of credit reporting The Congress makes the following findings : ( 1 ) The banking system is dependent upon fair and accurate credit reporting. Inaccurate credit reports directly impair the efficiency of the banking system, and unfair credit reporting methods undermine the public confidence which is essential to the continued functioning of the banking system. ( 3 ) Consumer reporting agencies have assumed a vital role in assembling and evaluating consumer credit and other information on consumers. ( 4 ) There is a need to insure that consumer reporting agencies exercise their grave responsibilities with fairness, impartiality, and a respect for the consumers right to privacy. This same account is in violation of the following 15 USC subsection 6802 Obligation with respect to disclosures of personal information. ( a ) Notice requirements- Except as otherwise provided in this subchapter, a financial institution may not, directly or through any affiliate, disclose to a nonaffiliated third party any nonpublic personal information, unless such financial institution provides or has provided to the consumer a notice that complies with section 6803 of this title. ( b ) Opt Out ( 1 ) In general A financial institution may not disclose nonpublic personal information to a nonaffiliated third party unless ( a ) such financial institution clearly and conspicuously discloses to the consumer, in writing or in electronic form or other form permitted by the regulations prescribed under section 6804 of this title, that such information may be disclosed to such third party ; ( b ) the consumer is given the opportunity, before the time that such information is initially disclosed, to direct that such information not be disclosed to such third party ; and the consumer is given an explanation of how the consumer can exercise that nondisclosure option 16 CFR 313.1 Purpose. This part governs the treatment of nonpublic personal information about consumers by the financial institutions listed in paragraph ( b ) of this section. This part : ( 1 ) Requires a financial institution in specified circumstances to provide notice to customers about its privacy policies and practices ; ( 2 ) Describes the conditions under which a financial institution may disclose nonpublic personal information about consumers to nonaffiliated third parties ; and ( 3 ) Provides a method for consumers to prevent a financial institution from disclosing that information to most nonaffiliated third parties by opting out of that disclosure, subject to the exceptions in 313.13, 313.14, and 313.15. 16 CFR 314- Standards for safeguarding customer information. Also see 15 USC 6801 ( b ) 6805 ( b ) ( 2 ) I have not given Master Finance permission to furnish my information to third parties and I was not given notice of such furnishings. 15 USC subsection 1681b- Permissible purpose of consumer reports. ( a ) In general Subject to subsection ( c ), any consumer reporting agency may furnish a consumer report under the following circumstances and no other : ( 1 ) In response to the order of a court having jurisdiction to issue such an order, a subpoena issued in connection with proceedings before a Federal grand jury, or a subpoena issued in accordance with section 5318 of title 31 or section 3486 of title 18. ( 2 ) In accordance with the written instructions of the consumer to whom it relates. AGAIN, I DID NOT GIVE WRITTEN CONSENT TO FURNISH ANY OF THE ABOVE ACCOUNTS ON MY CREDIT REPORT. 15 USC subsection 1681c- Requirements relating to information contained in consumer report. ( 5 ) Any other adverse item of information, other than records of convictions of crimes which antedates the report by more than seven year. WITH THE EXPECTIONS OF CONVICTION OF CRIMES, NOTHING SHOULD BE FURNISHED ON MY CREDIT REPORT. 15 U.S. Code 1681e - Compliance procedures ( a ) Identity and purposes of credit users Every consumer reporting agency shall maintain reasonable procedures designed to avoid violations of section 1681c of this title and to limit the furnishing of consumer reports to the purposes listed under section 1681b of this title. These procedures shall require that prospective users of the information identify themselves, certify the purposes for which the information is sought, and certify that the information will be used for no other purpose. Every consumer reporting agency shall make a reasonable effort to verify the identity of a new prospective user and the uses certified by such prospective user prior to furnishing such user a consumer report. No consumer reporting agency may furnish a consumer report to any person if it has reasonable grounds for believing that the consumer report will not be used for a purpose listed in section 1681b of this title. ( b ) Accuracy of report Whenever a consumer reporting agency prepares a consumer report it shall follow reasonable procedures to assure maximum possible accuracy of the information concerning the individual about whom the report relates. By violating section 1681b for permissible purpose and 1681c for information contained in consumer reports they are also violating compliance procedures under this title. 15 U.S. Code 1681n - Civil liability for willful noncompliance ( a ) In general Any person who willfully fails to comply with any requirement imposed under this subchapter with respect to any consumer is liable to that consumer in an amount equal to the sum of ( A ) any actual damages sustained by the consumer as a result of the failure or damages of not less than { {$100.00} } and not more than { {$1000.00} } ; or ( B ) in the case of liability of a natural person for obtaining a consumer report under false pretenses or knowingly without a permissible purpose, actual damages sustained by the consumer as a result of the failure or { {$1000.00} }, whichever is greater ; 15 U.S. Code 1681s2 - Responsibilities of furnishers of information to consumer reporting agencies ( 1 ) Prohibition ( A ) Reporting information with actual knowledge of errors A person shall not furnish any information relating to a consumer to any consumer reporting agency if the person knows or has reasonable cause to believe that the information is inaccurate. ( B ) Reporting information after notice and confirmation of errors A person shall not furnish information relating to a consumer to any consumer reporting agency if ( i ) the person has been notified by the consumer, at the address specified by the person for such notices, that specific information is inaccurate; and ( ii ) the information is, in fact, inaccurate. As you can see, All the forementioned accounts must be removed from my credit report due to several violations.",Web,None,Credit reporting or other personal consumer reports — Improper use of your report,2024-01-22T15:51:38.000Z,,8205205
"I contacted EdFinancial via their web form on XX/XX/XXXX. I had not heard anything by XX/XX/XXXX, and called their support line. I was informed that they had not started processing my online request but that they could go ahead and send this for review for my XXXX deferment to be applied. I have continually checked and around the middle of XX/XX/XXXX, I called their support line and informed them that the XXXX deferment had only been applied to one of my loans. The agent I spoke with informed me that they had re-sent the request. As of today, XX/XX/XXXX, this issue is still not fixed and I have requested supervisors to call me back but no one has. I am showing severely past due on my loans due to this administrative error that EdFinancial made. I called in again this morning and was told the original request was never processed and that they were placing it into emergency status. I now have one previous loan in deferment, and my new XXXX loans show as in deferment. The loans in between are still showing as past due. I am told they will fix this issue in 3-4 business days because it has escalated in their system.",Web,None,Student loan — Dealing with your lender or servicer,2024-01-22T13:22:32.000Z,,8201961
